title	artist
아름다운 강산	알리 (ALi)
...라구요 (원곡가수 강산에)	한영애
아껴둔 이야기 (Full Ver.)	강성훈
My Girl	강성훈
영원히	강성훈
보이지 않는 인사	강성훈
축복	강성훈
My Love	강성훈
왜	강성훈
네가 없는 날 위해	강성훈
Love Is Over	강성훈
회상	강성훈
베르테르	강성훈
Miracle	강성훈
날 웃게 한 사람	강성훈
변심	강성훈
사랑합니다	강성훈
이미 시작된 사랑	강성훈
아무 일도 아닌 듯	강성훈
Dreamer	강성훈
오직 너	강성훈
Blue Way	강성훈
고백	강성훈
지난 1년 동안은...	강성훈
I'm Sorry	강성훈
If	강성훈
환란과 핍박중에도(383장)	강성훈
은하수(恩하受)_큰 사랑을 얻다	강성훈
With You	강성훈
사랑은 없다	강성훈
소녀의 주인	강성훈
내 주님 지신 십자가	강성훈
Just	강성훈
Lady	강성훈
우리의 아픔 그리고 추억	강성훈
Endless	강성훈
별을 수놓는 남자	강성훈
매듭	강성훈
Greatest Gift	강성훈
갈보리 산 위에	강성훈
보릿고개	김호중
Dear My Family	유영진
Christmas Time	성시경
사랑이 사랑을	권인하
만약에 (Remake)	권인하
가끔 문득	권인하
나의 꿈을 찾아서	권인하
어떤 날엔	권인하
갈테면 가라지	권인하
한 남자 (The Man)	권인하
마지막 사랑 (The Last Love)	권인하
첫인상 (First Impression)	권인하
너를 보내고	권인하
비처럼 음악처럼	권인하
방황	권인하
너를 위해	권인하
Don't forget to remember	권인하
못난 이 사랑	권인하
계절이 음악처럼 흐를때	권인하
남은 것은 당신 뿐	권인하
바보	권인하
비 오는 날 수채화	권인하
나의 꿈을 찾아서 (원곡가수 권인하)	박상민
오래전에 (변해버린 친구에게)	권인하
바람에게	권인하
슬픈 추억	권인하
하나님의 은혜	권인하
내 맘속에 내리는 비	권인하
무조건 사랑	권인하
회상	권인하
가끔씩 생각하지	권인하
젊은날의 초상	권인하
내일을 위하여	권인하
아름다운 이별	김건모
잠 못 드는 밤 비는 내리고	김건모
어제보다 슬픈 오늘	김건모
잘못된 만남	김건모
서울의 달	김건모
미안해요	김건모
사랑이 떠나가네	김건모
뻐꾸기 둥지위로 날아간 새	김건모
혼자만의 사랑	김건모
빗속의 여인	김건모
미련	김건모
너에게 (마음으로 하는 말)	김건모
핑계	김건모
짱가	김건모
스피드	김건모
사랑해 (Fall In Love)	김건모
어떤 기다림	김건모
첫인상	김건모
넌 친구 난 연인!	김건모
제비	김건모
My Son	김건모
내게도 사랑이	김건모
이별이 준 선물	김건모
허수아비	김건모
드라마	김건모
헤어지던날	김건모
냄새	김건모
세상이 그대를 속일지라도	김건모
당신만이-Baby I Love You	김건모
남자의 인생	김건모
청첩장	김건모
잔소리	김건모
Double	김건모
얼굴	김건모
아파트	김건모
내 마음에 비친 내 모습	김건모
버담소리	김건모
그대 내게 다시	김건모
그녀가 처음 울던 날	김건모
잘못된 만남 (2009 Re-Mastering Ver.)	김건모
서른 즈음에 (원곡가수 故김광석)	김건모
사랑 그리고 우린…	권인하
나를 슬프게 하는 사람들	김경호
금지된 사랑	김경호
슬픈 영혼의 아리아 [엘리제]	김경호
아름답게 사랑하는 날까지 (금지된 사랑 Ⅱ)	김경호
Shout	김경호
와인(迗人)	김경호
비정(非情)	김경호
Oasis	김경호
아스파라거스 (Asparagus)	김경호
Delete...	김경호
사랑, 그 시린 아픔으로	김경호
아버지	김경호
자유인	김경호
희생	김경호
마지막 기도	김경호
못다핀 꽃 한송이 (김수철)	김경호
마치 너인 것처럼	김경호
사랑 안해 (백지영)	김경호
암연 (고한우)	김경호
내게 남은 사랑을 드릴께요	김경호
해야 (램프의 요정)	김경호
걸어서 하늘까지 (장현철)	김경호
그녀와의 이별	김경호
내 눈물 모아 (서지원)	김경호
Blood	김경호
탈출	김경호
이수(離愁)	김경호
Rock'N Roll	김경호
If I Leave (Solid)	김경호
Now	김경호
습관	김경호
화인(火印)	김경호
데려오고 싶다	김경호
달의 눈물	김경호
찻잔 (노고지리)	김경호
모두 다 사랑하리 (송골매)	김경호
그게 나야	김동률
기억의 습작	김동률
다시 시작해보자	김동률
감사	김동률
취중진담	김동률
오래된 노래	김동률
다시 사랑한다 말할까	김동률
아이처럼	김동률
내 사람	김동률
사랑이 아니라 말하지 말아요	김동률
출발	김동률
이제서야	김동률
잔향	김동률
사랑하지 않으니까요	김동률
그 노래	김동률
내 마음은	김동률
고백	김동률
편지	김동률
그건 말야	김동률
그럴 수밖에	김동률
Melody	김동률
The Concert	김동률
졸업	김동률
귀향	김동률
2년만에	김동률
착한 사랑	김민종
귀천도애 (歸天道哀)	김민종
You're My Life	김민종
그래도 그대는 나의 영원한 사랑이야	김민종
너만을 느끼며	김민종
Endless Love	김민종
하늘 아래서	김민종
순수	김민종
아름다운 아픔	김민종
비원(悲願)	김민종
하얀 그리움	김민종
그대와 영원히	김민종
바보처럼	김민종
또 다른 만남을 위해	김민종
항상 그 자리에	김민종
세상끝에서의 시작	김민종
아름다운 아픔 (2012 New Ver.)	김민종
너를 보내며	김민종
야우(夜雨)	김민종
같은 하늘 아래	김민종
왜	김민종
이별도 사랑이다 (경수 역/김민종 테마)	김민종
그 때마다	김민종
기다릴께	김민종
널 위한 나	김민종
있을게	김민종
가까이 가면	김민종
그래...	김민종
언제나 그대 내 곁에	김민종
잘못된 약속	김민종
난 다를거야	김민종
좋은 사람 만나요	김민종
이젠 울지마	김민종
Hold Me Now	김민종
힘겨운 사랑을 위해	김민종
승리하라 대한민국	정동하
미안해요 사랑해서	김민종
승리하라 대한민국 (Short Ver.)	정동하
하루	김범수
사랑의 시작은 고백에서부터	김범수
슬픔활용법	김범수
초점	김범수
끝사랑	김범수
그댄 행복에 살텐데	김범수
지나간다	김범수
슬픔보다 더 슬픈 이야기	김범수
당신의 편이 되어 줄게요	김범수
바보같은 내게	김범수
오직 너만	김범수
제발	김범수
가슴에 지는 태양	김범수
나타나	김범수
에델바이스	김범수
약속	김범수
너의 집 앞에서	김범수
첫눈처럼 너에게 가겠다 (Prod. 로코베리)	김범수
내가 너의 곁에 잠시 살았다는 걸	김범수
나 가거든	김범수
처음 느낌 그대로	김범수
늪 (조관우)	김범수
니가 날 떠나	김범수
애인 있어요	김범수
와르르	김범수
세월이 가면	김범수
꽃피는 봄이 오면	김범수
지나간다 (원곡가수 김범수)	The One (더원)
그대와 영원히	김범수
희나리 (구창모)	김범수
그대 내게 다시	김범수
사람, 사랑	김범수
하얀 겨울	김범수
Fall Away	김범수
This Is The Moment (지금 이 순간)	김범수
피우든 마시든	김범수
여자의 일생	영탁
아 대한민국	임영웅
뿐이고	영탁
그럴때마다	윤종신
후회 왕	윤종신
내 마음 당신 곁으로 (원곡가수 김정수와 급행열차)	김건모
Love Is...(3+3=0)	정동하
행복은 늘 가까이에 있어	볼빨간사춘기
어색한 사이	볼빨간사춘기
언젠가	김진호 (SG워너비)
폭죽과 별	김진호 (SG워너비)
가족사진 (2020)	김진호 (SG워너비)
엄마의 프로필 사진은 왜 꽃밭일까	김진호 (SG워너비)
술을 찾는 불편한 이유	김진호 (SG워너비)
졸업사진	김진호 (SG워너비)
고백	김진호 (SG워너비)
그거 모으러 왔나 봐요	김진호 (SG워너비)
이 순간을 사랑해요	김진호 (SG워너비)
가족사진 (2020) (Inst.)	김진호 (SG워너비)
알고있니	김진호 (SG워너비)
누군가의 이야기	김진호 (SG워너비)
도착	김진호 (SG워너비)
안개꽃	김진호 (SG워너비)
새벽4시	김진호 (SG워너비)
가을이 오면	김진호 (SG워너비)
고맙고도 미안해 (술자리에서 즉흥노래)	김진호 (SG워너비)
편의점 앞에서	김진호 (SG워너비)
한강애	김진호 (SG워너비)
나무	김진호 (SG워너비)
치맥	김진호 (SG워너비)
낙서 (집에서 습작)	김진호 (SG워너비)
너의 곁으로	김진호 (SG워너비)
아무것도 필요가 없는 사랑	김진호 (SG워너비)
틈	김진호 (SG워너비)
투데이	김진호 (SG워너비)
바다극장	김진호 (SG워너비)
The Best Of Me (Korean Ver.)	김진호 (SG워너비)
Running	린
훨훨	윤종신
나만의 그대 (Warrior)	김혁건
사랑과 우정사이	김혁건
단결 특전사 이지 말입니다	김혁건
내 삶의 의미입니다	김혁건
When You Need	김혁건
혼자가 되어버린 세상에서	김혁건
Jeeny	김혁건
죽음을 가르는 소변줄	김혁건
로커 성악을 배우다	김혁건
넌 할 수 있어 (Original Ver.)	김혁건
사랑, 사람 미치게 하는 것	김혁건
돌고 돌아 제자리	김혁건
When You Need (Original Ver.)	김혁건
현실이 된 꿈의 주문	김혁건
나는 오늘도 너의 힘으로 걷는다	김혁건
그녀를 보내다	김혁건
Tonight	김혁건
구원하소서	김혁건
슬픈 예언이 된 곡 넌 할수있어	김혁건
줄기세포와 마지막 희망	김혁건
프롤로그 2	김혁건
내아들의 행복	김혁건
프롤로그 1	김혁건
쌍문중학교 10인의 용사들	김혁건
하모니카를 배우다.	김혁건
추억 만들기	이석훈
넋두리	알리 (ALi)
회상	The One (더원)
추억 만들기	린
이런 나라도 괜찮나요 (Prod. 김현철)	지아
일생을 (원곡가수 김현철)	윤하 (YOUNHA)
Beautiful World	The One (더원)
나보다 더 사랑해요	김호중
고맙소	김호중
행복을 주는 사람	김호중
천년의 사랑	김호중
천상재회	김호중
애인이 되어줄게요 (Prod. 알고보니, 혼수상태)	김호중
나의 사람아	김호중
퇴근길	김호중
아무도 잠들지 마라 (Nessun Dorma)	김호중
만개 (Prod. 신지후)	김호중
할무니	김호중
나만의 길 (My Way)	김호중
나를 잊지 말아요 (Non Ti Scordar Di Me)	김호중
태클을 걸지마 (Prod. 진성)	김호중
위대한 사랑 (Un Amore Cosi Grande)	김호중
연인	김호중
고맙소 (Orchestra Ver.)	김호중
페데리코의 탄식 (Lamento Di Federico)	김호중
별은 빛나건만 (E Lucevan Le Stelle)	김호중
내 하나의 사람은 가고	김호중
무정부르스	김호중
비가 온다	김호중
백화 (白花) (Narration. 손숙)	김호중
너나 나나	김호중
때	김호중
서러운 사랑	김호중
님의 등불	김호중
무정한 마음 (Core 'Ngrato)	김호중
초혼	김호중
여자의 마음 (La Donna È Mobile)	김호중
희망가 (Prod. 이지수)	김호중
낭만에 대하여	김호중
홀로아리랑 (Prod. 박경훈)	김호중
아침의 노래 (Mattinata)	김호중
지금 이 순간 (This is the Moment)	김호중
오 솔레미오 (O Sole Mio)	김호중
바람남	김호중
풍경	김호중
시공간	기리보이
사랑이었나봐	기리보이
우리서로사랑하지는말자	기리보이
예쁘잖아	기리보이
농담처럼 (Prod. Zion.T)	기리보이
성인	기리보이
키보드 (Prod. By Hansen)	기리보이
술자리	기리보이
flex (Prod. By 기리보이)	기리보이
제설	기리보이
그 정도 쯤이야	기리보이
이혼서류	기리보이
라식	기리보이
술없이는아무것도못하는놈 (With THAMA)	기리보이
party is over	기리보이
이때다	기리보이
하루종일 (Band Ver.)	기리보이
휴지	기리보이
애기	기리보이
첫사랑이죠	아이유
CHU! POP! CHU!	린
미워도 다시 한번	알리 (ALi)
기억을 걷는 시간	넬 (NELL)
Don't hurry up	넬 (NELL)
백야	넬 (NELL)
마음을 잃다	넬 (NELL)
Stay	넬 (NELL)
그리고, 남겨진 것들	넬 (NELL)
지구가 태양을 네 번	넬 (NELL)
백색왜성	넬 (NELL)
희망고문	넬 (NELL)
그리워하려고 해	넬 (NELL)
3인칭의 필요성	넬 (NELL)
Good Night	넬 (NELL)
Ocean Of Light	넬 (NELL)
Thank You	넬 (NELL)
현실의 현실	넬 (NELL)
오늘은	넬 (NELL)
청춘연가	넬 (NELL)
믿어선 안될 말	넬 (NELL)
고양이	넬 (NELL)
1:03	넬 (NELL)
1분만 닥쳐줄래요	넬 (NELL)
섬	넬 (NELL)
Crash	넬 (NELL)
Part 2	넬 (NELL)
타인의 기억	넬 (NELL)
한계	넬 (NELL)
기억을 걷는 시간 (온스테이지 Ver.)	넬 (NELL)
오분 뒤에 봐	넬 (NELL)
유령의 노래	넬 (NELL)
듀엣	넬 (NELL)
Dream catcher	넬 (NELL)
그리움	넬 (NELL)
헤어지기로 해	넬 (NELL)
어떻게 생각해	넬 (NELL)
치유	넬 (NELL)
Blue	넬 (NELL)
습관적 아이러니	넬 (NELL)
Cliff Parade	넬 (NELL)
Moonlight Punch Romance	넬 (NELL)
부서진 입가에 머물다	넬 (NELL)
경희를 내 품에	박효신
향수	케이윌
해변으로 가요	임영웅
나의 노래	달빛요정 역전만루홈런
절룩거리네	달빛요정 역전만루홈런
치킨런	달빛요정 역전만루홈런
축배	달빛요정 역전만루홈런
나를 연애하게 하라	달빛요정 역전만루홈런
스끼다시 내 인생	달빛요정 역전만루홈런
361 타고 집에 간다	달빛요정 역전만루홈런
주성치와 함께라면	달빛요정 역전만루홈런
슬픔은 나의 힘	달빛요정 역전만루홈런
스무살의 나에게	달빛요정 역전만루홈런
너클볼 컴플렉스	달빛요정 역전만루홈런
달려간다	달빛요정 역전만루홈런
치킨런 (Sad Ver.)	달빛요정 역전만루홈런
입금하라	달빛요정 역전만루홈런
어디서 어떻게 언제쯤 얼마나	달빛요정 역전만루홈런
피가 모자라	달빛요정 역전만루홈런
Show Me The Money	달빛요정 역전만루홈런
모든걸 다 가질순 없어	달빛요정 역전만루홈런
행운아	달빛요정 역전만루홈런
쓸쓸한 서울, 노래	달빛요정 역전만루홈런
슬픔은 나의 힘 (2007 Ver.) (Bonus Track)	달빛요정 역전만루홈런
제육볶음의 비밀	달빛요정 역전만루홈런
폐허의 콜렉션	달빛요정 역전만루홈런
어차피난 이것밖에 안돼 (Strong  Version)	달빛요정 역전만루홈런
나는 매일 조금씩 단단해져	달빛요정 역전만루홈런
멋지게 끝내자	달빛요정 역전만루홈런
칩거	달빛요정 역전만루홈런
도토리	달빛요정 역전만루홈런
그대, 내 모든것	달빛요정 역전만루홈런
친구	달빛요정 역전만루홈런
사나이	달빛요정 역전만루홈런
요정은 간다	달빛요정 역전만루홈런
느리게	달빛요정 역전만루홈런
내가 뉴스를 보는 이유	달빛요정 역전만루홈런
OZ (Acoustic Ver.) (Bonus Track)	달빛요정 역전만루홈런
Show Me The Money (슬로우버젼)	달빛요정 역전만루홈런
첫눈 오는 그날에	달빛요정 역전만루홈런
유리	달빛요정 역전만루홈런
썸데이 (원곡가수 김동희)	The One (더원)
잘 있나요	The One (더원)
사랑아	The One (더원)
아시나요 (원곡가수 조성모)	The One (더원)
녹턴 (Nocturn) (하면 된다 백수탈출)	The One (더원)
들리나요	The One (더원)
I Do	The One (더원)
중독된 사랑 (하면 된다 백수탈출)	The One (더원)
겨울사랑	The One (더원)
그녀를 사랑해줘요 (원곡가수 하동균)	The One (더원)
그 남자 (원곡가수 현빈)	The One (더원)
울지마 사랑아	The One (더원)
단 한번의 사랑	The One (더원)
죽도록	The One (더원)
별처럼	태연 (TAEYEON)
아프다니까	The One (더원)
나 가거든 (원곡가수 조수미)	The One (더원)
천일동안 (원곡가수 이승환)	The One (더원)
바라만 보네요	손승연
사랑하는 그대에게	The One (더원)
꺼내지 못한 말	The One (더원)
두 남자 이야기	The One (더원)
내사랑 내곁에	The One (더원)
비상 (원곡가수 임재범)	The One (더원)
바람이 분다 (원곡가수 이소라)	The One (더원)
만나지말자	The One (더원)
보낼 수 없는 너	The One (더원)
이 사랑	The One (더원)
들었다 놨다 (하면 된다 백수탈출)	The One (더원)
아프다	The One (더원)
그 겨울의 찻 집 (원곡가수 조용필)	The One (더원)
기다리는 사랑	The One (더원)
애인있어요 (원곡가수 이은미)	The One (더원)
사랑할게	The One (더원)
잊지말아요	The One (더원)
술 한잔이 생각나	The One (더원)
놓을 수 없다	The One (더원)
본능적으로 Love Poetry	윤종신
봄봄봄	로이킴
Love Love Love	로이킴
살아가는 거야	로이킴
북두칠성	로이킴
우리 그만하자	로이킴
그때 헤어지면 돼	로이킴
피노키오	로이킴
Home	로이킴
휘파람	로이킴
스쳐간다	로이킴
그리움만 쌓이네 (로맨틱 흑기사)	로이킴
사랑은 늘 도망가 (로맨틱 흑기사)	로이킴
힐링이 필요해	로이킴
서울 이곳은	로이킴
어쩌면 나	로이킴
왜 몰랐을까	로이킴
이기주의보	로이킴
Love Yourself	로이킴
Stay With Me	로이킴
문득	로이킴
먼지가 되어	로이킴
그대만 떠올라	로이킴
영원한 건 없지만	로이킴
제발 (로맨틱 흑기사)	로이킴
예뻐서 그래	로이킴
상상해봤니	로이킴
좋겠다	로이킴
날 사랑하지 않는다	로이킴
Fix You	로이킴
Gravity	로이킴
그대를 사랑한단 말	로이킴
Hallelujah	로이킴
HEAVEN	로이킴
그날들	로이킴
청개구리	로이킴
서울의 달	로이킴
Yellow	로이킴
너에겐 져버릴 거야	로이킴
떠나지 마라	로이킴
봄눈	루시드폴
그때 헤어지면 돼 (Inst. with Chorus)	로이킴
첫사랑	장윤정
Creep	로이킴
할아버지와 카메라	로이킴
나도 사랑하고 싶다	로이킴
Remember Me	로이킴
파도	로이킴
Everything Is OK (with Antenna Ver.)	루시드폴
아직, 있다.	루시드폴
바람, 어디에서 부는지	루시드폴
안녕,	루시드폴
4월의 춤	루시드폴
고등어	루시드폴
평범한 사람	루시드폴
문수의 비밀	루시드폴
걸어가자	루시드폴
그대 손으로 (Main Theme)	루시드폴
사람들은 즐겁다. (Remastered)	루시드폴
너는 내 마음 속에 남아	루시드폴
햇살은 따뜻해	루시드폴
우리 아름다운 시간은	루시드폴
나의 하류를 지나	루시드폴
삼청동 (Remastered)	루시드폴
할머니의 마음은 바다처럼 넓어라 (Remastered)	루시드폴
그대는 나즈막히	루시드폴
부활절	루시드폴
너무 슬퍼하지 말아요	루시드폴
명왕성	루시드폴
읽을 수 없는 책	루시드폴
그건 사랑이었지 (Remastered)	루시드폴
어디인지 몰라요	루시드폴
레미제라블 Part 2	루시드폴
바람 같은 노래를	루시드폴
머물다. (재섭 Theme)	루시드폴
초콜릿	케이윌
Page 0	태연 (TAEYEON)
이별수집가 (Song By. 민경훈)	버즈
러브 레시피	거미
요즘 사람들	거미
MaMa (원곡가수 바비킴)	박상민
사랑..그 놈 (원곡가수 바비 킴)	박상민
하나의 사랑	박상민
멀어져 간 사람아	박상민
눈물잔	박상민
중년	박상민
해바라기	박상민
비원	박상민
한사람을 위한 노래	박상민
너에게로 가는 길 - 슬램덩크 오프닝	박상민
무기여 잘 있거라	박상민
지중해	박상민
서른이면	박상민
청바지 아가씨	박상민
상실	박상민
은하수	박상민
애원(愛遠)	박상민
니가 그리운 날엔	박상민
너에게로 가는 길 2 - 슬램덩크 삽입곡	박상민
사랑아 내 사랑아	박상민
헬스 클럽 아가씨	박상민
그대만큼만	박상민
시린 두 눈	박상민
그대만의 바보	박상민
그리운이여 안녕	박상민
내가 사는 이유	박상민
보고싶다 친구야	박상민
거친인생	박상민
전과탈출	박상민
지상에서 영원으로	박상민
가슴 아파도 (원곡가수 플라이투더 스카이)	박상민
Beauty And The Beast (Celine Dion, Peabo Bryson)	소향
여권	윤종신
날 떠나지마 (원곡가수 박진영)	거미
Goodbye	박효신
숨	박효신
야생화	박효신
해줄 수 없는 일	박효신
사랑한 후에	박효신
좋은사람	박효신
추억은 사랑을 닮아	박효신
눈의 꽃	박효신
HAPPY TOGETHER	박효신
동경	박효신
바보	박효신
Beautiful Tomorrow	박효신
기억속의 먼 그대에게	박효신
사랑이 고프다 (I Promise You)	박효신
널 사랑한다	박효신
It's You	박효신
그 날 (Original Ver.)	박효신
그립고... 그리운...	박효신
애상 (哀想)	박효신
별 시 (別 時)	박효신
1991年, 찬바람이 불던 밤....	박효신
Shine Your Light	박효신
이상하다	박효신
이름 모를 새	박효신
꿈	박효신
사랑...그 흔한 말	박효신
흩어진 나날들	박효신
그곳에 서서	박효신
이상하다 (Acoustic Ver.)	박효신
미워하자	박효신
눈물날려 그래	박효신
Lost	박효신
Only U	박효신
The Castle Of Zoltar	박효신
먼곳에서	박효신
Wonderland	박효신
사랑보다 깊은 상처	박효신
널바라기	박효신
사랑이라는 이름을 더하여	정동하
아날로그	버즈
나에게로 떠나는 여행	버즈
남자를 몰라	버즈
가시	버즈
Monologue	버즈
겁쟁이	버즈
1st	버즈
My Love (And)	버즈
거짓말	버즈
사랑은 가슴이 시킨다	버즈
사랑하지 않은 것처럼	버즈
일기	버즈
사랑은 가슴이 시킨다 Part.2	버즈
가난한 사랑	버즈
벌	버즈
내가 아니죠...	버즈
은인	버즈
그대라서	버즈
Funny Rock	버즈
Reds Go Together	버즈
My Darling (End)	버즈
우리 이별 앞에 지지말아요 (세상에 한 사람)	버즈
Tomorrow	버즈
사랑은 가슴이 시킨다 Part.3	버즈
약자의 눈물	버즈
위로	버즈
나무	버즈
미완예찬 (未完禮讚)	버즈
It's U	버즈
가슴이 운다	버즈
척	버즈
비	버즈
내일은	버즈
Lighthouse	버즈
돈키호테	버즈
Forever Love	버즈
넌 살아있다	버즈
일 년 쯤이면...	버즈
행복하세요	버즈
약속	버즈
활주 (Opening)	버즈
홀로 된다는 것 (변진섭)	김범수
비	폴킴
봄비	장범준
널 너무 모르고	헤이즈 (Heize)
비가 내리는 날에는	윤하 (YOUNHA)
잠 못 드는 밤 비는 내리고	아이유
크리스마스니까	성시경
겨울 고백	성시경
크리스마스니까 (Inst.)	성시경
겨울 고백 (Inst.)	성시경
너와 함께한 시간 속에서	헤이즈 (Heize)
희재	성시경
너의 모든 순간	성시경
거리에서	성시경
내게 오는 길	성시경
넌 감동이었어	성시경
너는 나의 봄이다	성시경
차마...	성시경
한번 더 이별	성시경
우린 제법 잘 어울려요	성시경
다정하게, 안녕히	성시경
안녕 나의 사랑	성시경
두사람	성시경
제주도의 푸른 밤	성시경
좋을텐데	성시경
나의 밤 나의 너	성시경
내가 너의 곁에 잠시 살았다는 걸	성시경
어디선가 언젠가	성시경
And we go	성시경
잘 지내나요	성시경
난 좋아	성시경
미소천사	성시경
잊혀지는 것들에 대하여	성시경
그 자리에 그 시간에	성시경
태양계	성시경
연연	성시경
선인장	성시경
다시 시작해도 될까요	성시경
오 나의 여신님	성시경
잊지 말기로 해 (Bonus Track)	성시경
외워 두세요	성시경
한번의 사랑	성시경
비스듬히 너에게	성시경
그대 내 맘에 들어오면은	성시경
눈부신 고백	성시경
더 아름다워져	성시경
아니면서	성시경
계절이 돌아오듯이	성시경
당신은 참..	성시경
미소속에 비친 그대	신승훈
나보다 조금 더 높은 곳에 니가 있을 뿐	신승훈
그 후로 오랫동안	신승훈
I Believe	신승훈
오랜 이별뒤에	신승훈
날 울리지마	신승훈
처음 그 느낌처럼	신승훈
전설속의 누군가처럼	신승훈
오늘같이 이런 창밖이 좋아	신승훈
엄마야	신승훈
내가 나에게	신승훈
Fly Away	신승훈
사랑해도 헤어질 수 있다면...	신승훈
Lullaby	신승훈
불꽃처럼 아름답게	신승훈
나비효과	신승훈
사랑, 어른이 되는 것	신승훈
Love Of Iris	신승훈
라디오를 켜봐요	신승훈
Loving You	신승훈
너에겐 들리지 않는 그 말	신승훈
가잖아	신승훈
이 또한 지나가리라	신승훈
Sorry	신승훈
여전히 헤어짐은 처음처럼 아파서	신승훈
널 사랑하니까	신승훈
소녀에게 (Hey Girl)	신승훈
널 위한 이별	신승훈
비상 (飛上)	싸이 (PSY)
하늘 가까이 (대한항공 이미지송)	신승훈
사랑같은건 믿지 않지만	신승훈
어떡하죠	신승훈
그런 날이 오겠죠	신승훈
어긋난 오해	신승훈
가을빛 추억	신승훈
그러자 우리	신승훈
이 바보야	소향
나쁜남자	임영웅
나쁜남자 (MR)	임영웅
그대에게	신해철
슬픈표정하지 말아요	신해철
내 마음 깊은 곳의 너	신해철
민물장어의 꿈	신해철
해에게서 소년에게	신해철
일상으로의 초대	신해철
나에게 쓰는 편지	신해철
Here, I Stand For You	신해철
인형의 기사 Part.2	신해철
우리 앞의 생이 끝나갈 때	신해철
먼 훗날 언젠가	신해철
날아라 병아리	신해철
연극속에서	신해철
Lazenca, Save Us	신해철
아버지와 나 Part.1	신해철
내 마음 깊은 곳의 너 (응답하라 1994 삽입곡)	신해철
절망에 관하여	신해철
도시인	신해철
인생이란 이름의 꿈	신해철
더 늦기전에	신해철
힘을 내!	신해철
The Dreamer	신해철
고백	신해철
Into The Arena	신해철
니가 진짜로 원하는 게 뭐야	신해철
사랑한 후에	신해철
아주 가끔은	신해철
Growing Up	신해철
이별의 맛	김범수
연예인	싸이 (PSY)
예술이야	싸이 (PSY)
New Face	싸이 (PSY)
I LUV IT	싸이 (PSY)
강남스타일	싸이 (PSY)
GENTLEMAN	싸이 (PSY)
나팔바지	싸이 (PSY)
환희	싸이 (PSY)
Right Now	싸이 (PSY)
챔피언	싸이 (PSY)
아버지	싸이 (PSY)
새	싸이 (PSY)
비오니까	싸이 (PSY)
벌써 이렇게	싸이 (PSY)
기댈곳	싸이 (PSY)
오늘밤새	싸이 (PSY)
서른 즈음에	싸이 (PSY)
내 세상	싸이 (PSY)
We Are The One	싸이 (PSY)
끝	싸이 (PSY)
댄스쟈키	싸이 (PSY)
설레인다	싸이 (PSY)
미치도록	싸이 (PSY)
찐이야	영탁
누나가 딱이야	영탁
막걸리 한잔	영탁
살다보면	영탁
니가 왜 거기서 나와 (Narr. 고은아)	영탁
꼰대라떼	영탁
추억으로 가는 당신	영탁
오메가쓰리	영탁
서울, 이곳은	영탁
대세남	영탁
꽃길	영탁
옆집오빠	영탁
사내	영탁
아이라예	영탁
그대 내 맘에 들어오면은	영탁
넌 나의 20대였어	영탁
바람의 노래	영탁
동전인생	영탁
LOVE IS…(3+3=0)	영탁
울면서 후회하네	영탁
홍시	영탁
잡초	영탁
벤치	영탁
소주 한 잔	영탁
둠바둠바	영탁
둥지	임영웅
우리 정말 나쁘다 (演歌)	영탁
카스바의 여인	영탁
겨울이야	영탁
조율	영탁
내 마음 당신 곁으로	영탁
비와 당신	영탁
먼지가 되어	영탁
내 삶의 이유 있음은	영탁
연락선	영탁
울엄마	영탁
아리아리요	영탁
서른이면	영탁
최고의 사랑	영탁
살다보니 (인생별곡)	영탁
자기야	영탁
갈채	영탁
슈퍼스타 (Super Star)	신승훈
봄인가 봐 (Spring Love)	에릭남 (Eric Nam)
솔직히 (Honestly...)	에릭남 (Eric Nam)
천국의 문 (Heaven's Door)	에릭남 (Eric Nam)
유후 (You, Who?)	에릭남 (Eric Nam)
Bravo, My Life!	에릭남 (Eric Nam)
Good For You	에릭남 (Eric Nam)
Perhaps Love (사랑인가요) (Prod.By 박근태)	에릭남 (Eric Nam)
Runaway	에릭남 (Eric Nam)
괜찮아 괜찮아	에릭남 (Eric Nam)
Miss You	에릭남 (Eric Nam)
Paradise	에릭남 (Eric Nam)
놓지마 (Hold Me)	에릭남 (Eric Nam)
LOVE SONG	에릭남 (Eric Nam)
소나기	에릭남 (Eric Nam)
끌림 (바니와 오빠들 X 에릭남 (Eric Nam), 이나은 (에이프릴))	에릭남 (Eric Nam)
그 밤	에릭남 (Eric Nam)
너에게	권인하
형	권인하
비정	김경호
나의 사랑 천상에서도	김경호
사랑한다는 말	김동률
동행	김동률
인연	김민종
귀천도애	김민종
보고싶다	김범수
오늘처럼	김진호 (SG워너비)
이별해야 한다면	김혁건
MY Way	김호중
어쩌라고	기리보이
멀어지다	넬 (NELL)
어차피	달빛요정 역전만루홈런
내 여자	The One (더원)
날 사랑한다면	로이킴
오, 사랑 (Remastered)	루시드폴
물이 되는 꿈	루시드폴
꽃은 말이 없다.	루시드폴
울지마요 (Don't Cry)	박상민
사랑하니까	박상민
서랍속 이야기	박상민
해바라기 (그녀에게)	박상민
비가 와요	박상민
한 사람	박상민
나처럼	박효신
Gift	박효신
어쩌면	버즈
비망록	버즈
처음처럼	성시경
보이지 않는 사랑	신승훈
재즈 카페	신해철
두 번 헤어지는 일	신승훈
바람바람바람	영탁
사랑한다	영탁
If I Ain't Got You	에릭남 (Eric Nam)
오래전 안녕	에릭남 (Eric Nam)
Love Die Young	에릭남 (Eric Nam)
This Is Not A Love Song	에릭남 (Eric Nam)
녹여줘	에릭남 (Eric Nam)
Count On Me	에릭남 (Eric Nam)
잘 지내지 (How You Been)	에릭남 (Eric Nam)
You're Sexy I'm Sexy	에릭남 (Eric Nam)
Love Yourself	에릭남 (Eric Nam)
Stop The Rain	에릭남 (Eric Nam)
해가 지기 전에	에릭남 (Eric Nam)
No Comment	에릭남 (Eric Nam)
Love Die Young (Korean Ver.)	에릭남 (Eric Nam)
Lose You	에릭남 (Eric Nam)
Good For You (International Ver.)	에릭남 (Eric Nam)
벌써 크리스마스	케이윌
크리스마스데이 (Christmas Day)	케이윌
사르르 (Softly)	케이윌
Forever (아이의 크리스마스 선물을 준비하는 아빠들에게)	유영진
Tell Me (What Is Love)	유영진
함께 (Cure)	유영진
그대의 향기	유영진
Unconditional Kismet	유영진
두번째 이별	유영진
마음에 내리는 비	유영진
너의 착각	유영진
Forever	유영진
Wonderful Tonight	유영진
Mo' Jazzy	유영진
Crazy Love	유영진
혼자있으면... 내 영혼의 친구와 함께	유영진
Sad Snow	유영진
그대의 향기 (Bonus Track)	유영진
그녀를 일으켜라	유영진
오직 좋은 사랑뿐	유영진
생명의 양식 (Panis Angelicus)	유영진
영원한 친구	유영진
White Mail	유영진
수호천사	유영진
Obsession	유영진
사랑이 끝난 후	유영진
지난날	유영진
One Moment	유영진
나머지 사랑을 내게	유영진
Growing Up	유영진
First Noel	유영진
습관적인 눈물	유영진
혼자 되어도	유영진
내곁에서 멀리	유영진
Jingle Bell	유영진
Someday	유영진
그대 내 품에 (원곡가수 유재하)	The One (더원)
희재	벤
all of my life	황치열
Je T'aime	폴킴
이런 엔딩	폴킴
안아줘	거미
잊었니…	윤하 (YOUNHA)
사랑.. 그 놈	황치열
세 가지 소원	린
어떻게 사랑이 그래요	손승연
Never Ending Story	손승연
장마	케이윌
괜찮아질거야	윤건
걷다	윤건
내 편	윤건
우리 둘만 아는	윤건
하루에도 열두 번	윤건
어쩌다..	윤건
헤어지자고 (MBC 슬픈연가 삽입곡)	윤건
내게 오겠니	윤건
라떼처럼	윤건
너도 그냥 날 놓아주면 돼	윤건
봄날처럼	윤건
별 (別)	윤건
힐링이 필요해 (October Rain)	윤건
벌써일년	윤건
가을에 만나	윤건
비오는 압구정	윤건
갈색머리	윤건
후회가 싫다	김범수
너만 생각해	윤건
With You	윤건
몇번을 헤어져도	윤건
5분 고백송	윤건
가려진 시간사이로	윤건
사랑해도 너무나	윤건
Back To You	윤건
비오는 압구정 (라이브)	윤건
커피나 한잔 할래	윤건
홍대 앞에 눈이 내리면	윤건
빗속을 둘이서	윤건
친구로 남기 전에	윤건
하루에도 열두 번 (Inst.)	윤건
설마	윤건
체념을 위한 미련	윤건
웨딩케익	윤건
난 아직 모르잖아요	윤건
가지마요	윤건
눈 내리던 겨울밤	김범수
화이트 크리스마스	린
너의 결혼식	윤종신
오래전 그날	윤종신
좋니	윤종신
1월부터 6월까지	윤종신
너를 찾아서	윤종신
그대 없이는 못살아 (늦가을)	윤종신
고속도로 로맨스	윤종신
이별의 온도	윤종신
니가 뭐라고	윤종신
환생	윤종신
졸업 눈물	윤종신
이별택시	윤종신
끝 무렵	윤종신
Wi-Fi	윤종신
秘密の想い (비밀의 마음) (With MIYU)	윤종신
부디	윤종신
탈진	윤종신
몬스터	윤종신
동네 한 바퀴	윤종신
첫 이별 그날 밤	윤종신
그대 떠난 뒤	장범준
기억해 줘 (윤종신 버전)	윤종신
팥빙수	윤종신
그대를 사랑하는 10가지 이유	이석훈
완벽한 날	이석훈
우리 사랑했던 추억을 아직 잊지 말아요	이석훈
사랑하지 말아요 (Prod. 로코베리)	이석훈
웃으며 안녕	이석훈
하고 싶은 말	이석훈
나보다 조금 더 높은 곳에 니가 있을 뿐 (십오야 밝은 둥근달)	이석훈
너였구나	이석훈
우리라는 세상	이석훈
사랑하면 안돼요	이석훈
나비무덤	이석훈
정거장	이석훈
연애의 시작	이석훈
She	이석훈
좋으니까	이석훈
오늘은 어제보다 괜찮았지	이석훈
I'll Be There	이석훈
기억속으로 (십오야 밝은 둥근달)	이석훈
내가 네게 하나 바라는 건	이석훈
당신의 자리	이석훈
어서와	이석훈
거짓말	이석훈
서울 이곳은	이석훈
욕심	이석훈
우리 여기까지 하자	이석훈
그리운 얼굴	이석훈
가을이 지나간다	이석훈
괜찮아	이석훈
여행 (Travel)	이석훈
안녕...열렬한 사랑이여	이석훈
겨울이 건네는 말	이석훈
이수	김경호
잘할게	이승기
뻔한남자	이승기
되돌리다	이승기
삭제	이승기
하기 힘든 말	이승기
내 여자라니까	이승기
결혼해줄래	이승기
추억속의 그대	이승기
정신이 나갔었나봐	이승기
다 줄꺼야	이승기
소년,길을걷다	이승기
착한거짓말	이승기
제발	이승기
원하고 원망하죠	이승기
친구잖아	이승기
면사포	이승기
Smile Boy	이승기
우리 헤어지자	이승기
여행을 떠나요	이승기
입모양	이승기
J에게	이승기
나를 슬프게 하는 사람들	이승기
지금부터 사랑해 (내 여자친구는 구미호 삽입곡)	이승기
사랑 한다는 말	이승기
한번만 더	이승기
마지막 그 한마디	이승기
너의눈,너의손,너의입술	이승기
음악시간	이승기
외쳐본다	이승기
내 안의 그대	이승기
그런 사람	이승기
너의 뒤에서	이승기
서쪽 하늘 (원곡가수 이승철)	윤하 (YOUNHA)
화려하지 않은 고백	이승환
기다린 날도 지워질 날도	이승환
세상에 뿌려진 사랑만큼	이승환
천일동안	이승환
어떻게 사랑이 그래요	이승환
텅빈 마음	이승환
너를 향한 마음	이승환
물어본다	이승환
화양연화	이승환
슈퍼히어로 (영화 엑시트 삽입곡)	이승환
한사람을 위한 마음	이승환
세가지 소원	이승환
가족	이승환
덩크 슛	이승환
좋은 날	이승환
세월이 가면	이승환
다만	이승환
눈물로 시를 써도	이승환
그대는 모릅니다	이승환
당부	이승환
꽃	이승환
내 맘이 안 그래	이승환
나는 다 너야	이승환
그 한 사람	이승환
백야	이승환
붉은 낙타	이승환
프란다스의 개	이승환
잘못	이승환
심장병	이승환
애원	이승환
울다	이승환
한동안 뜸했었지	김경호
하늘을 달리다 (원곡가수 이적)	소향
내가 그댈	린
꽃신 속의 바다	박혜경
여백	이찬원
시절인연 (時節因緣)	이찬원
흔적	이찬원
진또배기	이찬원
울긴 왜 울어	이찬원
연리지	이찬원
미운 사내	이찬원
18세 순이	이찬원
사나이 눈물	이찬원
떠나는 임아	이찬원
딱! 풀	이찬원
갈무리	이찬원
여여 (如如)	이찬원
첫정	이찬원
미움인지 그리움인지	이찬원
뜨거운 안녕	이찬원
잃어버린 30년	이찬원
7번 국도	이찬원
영암아리랑	이찬원
보약 같은 친구	이찬원
사랑안해	이찬원
빗속에서	이찬원
밤열차	이찬원
아침의 나라에서	이찬원
본능적으로	이찬원
공	이찬원
천년바위	이찬원
봉선화 연정	이찬원
사랑찾아 인생찾아	이찬원
정주지 않으리	이찬원
사랑 하나면 돼	이찬원
카페에서	이찬원
그여자의 마스카라	이찬원
이태원 연가	이찬원
나는 행복합니다	이찬원
고향설	이찬원
산다는 건	이찬원
우연히	이찬원
얄미운 사람	이찬원
아모르파티	이찬원
찬찬찬	이찬원
간대요 글쎄	이찬원
대전 부르스	이찬원
화끈하게 신나게	이찬원
울엄마	이찬원
비가 내려와	지아
별빛 같은 나의 사랑아	임영웅
HERO	임영웅
바램	임영웅
어느 60대 노부부이야기	임영웅
봄봄봄	임영웅
후	임영웅
계단말고 엘리베이터	임영웅
미워요	임영웅
따라 따라	임영웅
천 개의 바람이 되어	임영웅
오래된 노래	임영웅
이제 나만 믿어요 (Piano by 조영수)	임영웅
I'm Yours	임영웅
서울의 달	임영웅
한 남자	임영웅
그 중에 그대를 만나	임영웅
그대와 영원히	임영웅
신 사랑고개	임영웅
사랑TWO	임영웅
걷고 싶다	임영웅
그런 사람 또 없습니다	임영웅
사랑이 이런 건가요	임영웅
두 주먹	임영웅
응급실	임영웅
일편단심 민들레야	임영웅
Beautiful	임영웅
넌 감동이었어	임영웅
너의 모든 순간	임영웅
상사화	임영웅
아로하	임영웅
자기야	임영웅
외로운 사람들	임영웅
엄마의 노래	임영웅
한잔의 눈물	임영웅
배신자	임영웅
서른 즈음에	임영웅
빗속을 둘이서	임영웅
사랑의 바보	임영웅
비상	임영웅
Despacito	임영웅
빈지게	임영웅
휘파람	임영웅
마법의 성	임영웅
사랑했어요	권인하
나를	김민종
보이나요?	루시드폴
기억해	넬 (NELL)
너에게	성시경
That's The Way	유영진
사랑한다면	윤건
어쩌다	윤건
오르막길	윤종신
친구 아닌 남자로	이석훈
숲	이승기
그대가 그대를	이승환
사랑하나요!?	이승환
내게	이승환
사랑합니다	이찬원
소나기	임영웅
뭣이 중헌디	임영웅
그대는 어디에 (원곡가수 임재범)	소향
I Love You	알리 (ALi)
이게 바로 나야	임창정
되풀이	임창정
이미 나에게로	임창정
슬픈 혼잣말	임창정
힘든 건 사랑이 아니다	임창정
하루도 그대를 사랑하지 않은 적이 없었다	임창정
내가 저지른 사랑	임창정
또 다시 사랑	임창정
오랜만이야	임창정
날 닮은 너	임창정
소확행	임창정
나란놈이란	임창정
흔한 노래	임창정
바람과 함께 사라지다	임창정
나의 연인(我戀)	임창정
늑대와 함께 춤을	임창정
Love Affair	임창정
기다리는 이유	임창정
결혼해줘	임창정
그 사람을 아나요	임창정
혼자만의 이별	임창정
www.사랑.com	임창정
기쁜 우리	임창정
십삼월 (Never ending)	임창정
꽃길을 걸어요	임창정
Smile Again (하늘에서)	임창정
슬픈 연가	임창정
노래 한번 할게요	임창정
미련	임창정
별이 되어	임창정
ㅎ ㅎ ㅎ	임창정
그대도 여기에	임창정
내 생에 가장 아름다운	임창정
천개의 바람이 되어	임태경
노래방	임창정
잊혀진 계절	임태경
Something More (알 수 없는 그곳으로)	임태경
희망가	임태경
The Steps Of Tomorrow (내일로 가는 계단)	임태경
The Measure Of A Man (날 시험할 순간)	임태경
떠나가는 배	임태경
Je suis malade	임태경
잊혀진 계절 (MR)	임태경
옷깃	임태경
날개 (Soar up)	임태경
내 운명 피하고 싶어	임태경
흔적	임태경
초련	임태경
사랑 그 쓸쓸함에 대하여	임태경
첫사랑 (First love)	임태경
이젠 잊기로 해요	임태경
세월이 가면	임태경
How Will I Know? (알 수 없는 길)	임태경
처음 그때처럼	임태경
Adagio	임태경
사랑은 생명의 꽃	임태경
편지	임태경
Desperado	임태경
애상	임태경
잊혀지는것	임태경
An Ordinary Man (평범한 남자)	임태경
사랑이 사랑을 버린다	임태경
Love Of My Life	임태경
My Way	임태경
한사람	임태경
How Deep Is Your Love	임태경
Isn't She Lovely	임태경
Donde Voy (Korean Ver.)	임태경
청춘이 묻는다 (Original)	임태경
Silverhair Express (장기하 Remix)	혁오 (HYUKOH)
노래방에서	장범준
잠이 오질 않네요	장범준
사랑에 빠졌죠 (당신만이)	장범준
흔들리는 꽃들 속에서 네 샴푸향이 느껴진거야	장범준
빗속으로	장범준
홍대와 건대 사이	장범준
사랑이란 말이 어울리는 사람(사말어사)	장범준
손 닿으면	장범준
그녀가 곁에 없다면 (결혼 행진곡을 활용한 신곡)	장범준
사랑에 빠져요 (금세 사랑에 빠지는)	장범준
회상	장범준
내 마음이 그대가 되어(내마그)	장범준
사랑에 어떤 말로도(사말로도)	장범준
일산으로	장범준
그녀가 웃었죠	장범준
그모습 그대로	장범준
어려운 여자	장범준
집에 가지 않는 연인들	장범준
이밤	장범준
귀여운 여자	장범준
낙엽 엔딩	장범준
애태우는 여자	장범준
밤을 지워가네	장범준
왜	장범준
엄마 용돈 좀 보내주세요	장범준
상상속에서	장범준
주홍빛 거리	장범준
담배	장범준
떠나야만해	장범준
촛불	장범준
울랄라	장범준
자장가를 활용한 신곡	장범준
키스	장범준
무서운 짝사랑	장범준
신풍역 2번 출구 블루스	장범준
집에 가지 않는 연인들 (Inst.)	장범준
저녁놀	성시경
내사랑 울보	엄정화
아직도 어두운 밤 인가봐 (원곡가수 전영록)	김경호
LOVE IS YOU	케이윌
요리 좀 해요 (Cook for love)	케이윌
운명 같은 너	정동하
이별을 노래로 만들어 보았습니다	정동하
추억은 만남보다 이별에 남아	정동하
슬픈 동화 (Sad Story)	정동하
다 지나가니까	정동하
사랑 (신명난다 에헤라디오)	정동하
박하사탕 (신명난다 에헤라디오)	정동하
주문 (Mirotic) (신명난다 에헤라디오)	정동하
바라보나봐	정동하
사람이	정동하
밤이 두려워진 건	정동하
If I	정동하
너에게로 떠나는 여행	정동하
그게 너였어	정동하
LOVE	정동하
날 혼자 두지 마	정동하
안녕 그 말	정동하
오! 사랑	정동하
그대 밖은 위험해	정동하
되돌려 놔줘	정동하
Mystery	정동하
길	정동하
축하	정동하
오래된 친구	정동하
슬픈 얼굴 짓지 말아요	정동하
내가 잘못했어	정동하
멀어진다	정동하
It's You	정동하
Fly Away	정동하
Sunshine	정동하
Take Out My Heart	정동하
너는 알고 있니	정동하
어쩌다 마주친 그대 (원곡가수 송골매)	정동하
스치듯 그렇게 너를	정동하
My Heart Will Go On (송도해변 버스킹 Ver.)	소향
나비효과 (Vocal 정엽)	신승훈
안아줘	정준일
미안해	정준일
우리 이렇게 헤어지기로 해	정준일
너에게	정준일
있잖아 널 사랑해	정준일
바램	정준일
그래 아니까	정준일
괜찮아	정준일
우리 시작해도 괜찮을까요	정준일
고백	정준일
새겨울	정준일
하루만큼 하루만 더	정준일
잊지 말아요	정준일
IF	정준일
아니야	정준일
닮아가	정준일
난 좋아	정준일
너라고 생각해	정준일
집이 있었지	정준일
푸른끝	정준일
좋은날	정준일
어떤 그리움	정준일
짝사랑	정준일
그 계절의 우리	정준일
인사	정준일
향기로운 뒷모습	정준일
Happy Birthday to	정준일
북극곰	정준일
나의 고백	정준일
스물	정준일
그랬을까	정준일
햇살 가득히	정준일
Beauty (Inspired by Ryan McGinley)	정준일
시인의 마을 (원곡가수 정태춘)	김건모
고맙소	조항조
사랑찾아 인생찾아	조항조
때	조항조
만약에	조항조
후	조항조
사랑꽃	조항조
남자라는 이유로	조항조
당신이어서	조항조
나이가 든다는 건	조항조
걱정 마라 지나간다	조항조
미안해, 사랑해, 고마워	조항조
아버지	조항조
웃어버리자	조항조
가인	조항조
가지마	조항조
사나이 눈물	조항조
천년을 빌려준다면 (2012 Ver.)	조항조
애가 타	조항조
아담과 이브처럼 (2012 Ver.)	조항조
밥만 잘 먹더라	조항조
미련	조항조
슬픈 인연	조항조
이룰 수 없는 사랑	조항조
눈먼사랑	조항조
정녕	조항조
왜 돌아보오	조항조
홍시 (2012 Ver.)	조항조
친구야	조항조
천상화	조항조
사랑비	조항조
수고했다	조항조
그냥	조항조
그대는 나의 인생	조항조
봄날은 간다	조항조
그놈에 사랑	조항조
빈말이라도	조항조
내 마음 당신 곁으로	조항조
흔들린 사랑	조항조
바람고개	진해성
공	진해성
사랑 반 눈물 반	진해성
가라지	진해성
한 많은 대동강	진해성
누가울어	진해성
내 삶을 눈물로 채워도	진해성
용두산 엘레지	진해성
안동역에서	진해성
꿈속의 사랑	진해성
연정	진해성
추억의 소야곡	진해성
해운대 엘레지	진해성
멋진여자	진해성
내 사랑 받아줘	진해성
옥치마	진해성
비내리는 고모령	진해성
사랑의 영도다리	진해성
순천만 갈대 숲에서	진해성
니가 왜 울어	진해성
찔레꽃	진해성
고향무정	진해성
이대팔	진해성
하룻밤 풋사랑	진해성
비내리는 호남선	진해성
울어라 기타줄	진해성
신라의 달밤	진해성
청춘의 꿈	진해성
번지없는 주막	진해성
삼각관계	진해성
빈자리	진해성
꽃물	진해성
보이소 오이소	진해성
시계바늘	진해성
남원의 애수	진해성
물방아 도는 내력	진해성
내 나이가 어때서	진해성
꽃마차	진해성
무너진 사랑탑	진해성
님아 님아 님아	진해성
내 진정 당신을	진해성
사랑하는 당신께	폴킴
있잖아	폴킴
모든 날, 모든 순간 (Every day, Every Moment)	폴킴
초록빛	폴킴
너도 아는	폴킴
너를 만나	폴킴
우리 만남이	폴킴
사랑은 타이밍	폴킴
나를 사랑하지 않는 나에게	폴킴
허전해	폴킴
편지	폴킴
나의 봄의 이유	폴킴
헤어질 걸 알아	폴킴
길	폴킴
집돌이	폴킴
Wanna Love You	폴킴
사랑 알 수 없나봐	폴킴
좋은 사람	폴킴
Her	폴킴
휴가	폴킴
New Day	폴킴
Not Over Yet	폴킴
너란 주의보	폴킴
느낌	폴킴
사랑의 의미	폴킴
오늘 밤	폴킴
만나볼래요	폴킴
Additional	폴킴
HOLIDAY	폴킴
눈치	폴킴
카톡	폴킴
Spell	폴킴
Stranger	폴킴
Dream	폴킴
이별	폴킴
I’ll Be There (송도해변 버스킹 Ver.)	소향
사랑	이승기
운명	임태경
그때 또 다시	임창정
너를 너로써	임창정
소주 한 잔	임창정
사랑하면	정동하
겨울	정준일
보고싶었어요	정준일
가려거든	진해성
가지마라	진해성
눈	폴킴
내 사랑	폴킴
마음	폴킴
커피한잔할래요	폴킴
고백 (바른연애 길잡이 X 허각)	허각
Hello	허각
나를 잊지 말아요	허각
나를 사랑했던 사람아	허각
I Need You	허각
사월의 눈	허각
혼자, 한잔	허각
죽고 싶단 말 밖에	허각
언제나	허각
1440	허각
흔한 이별	허각
그 시간, 그 공간	허각
한사람	허각
짧은머리	허각
바보야	허각
하늘을 달리다	허각
향기만 남아	허각
그 노래를 틀때마다	허각
마지막으로 안아도 될까	허각
동네술집	허각
듣고 싶던 말	허각
눈물로 너를 떠나보낸다	허각
아프다	허각
반창고	MC몽
오늘 같은 눈물이	허각
바다	허각
이제 그만 싸우자	허각
소주 한 잔	허각
Cosmos	허각
사랑하고 싶어서	허각
죽고 싶단 말 밖에 (2020 Ver.)	허각
My Best	허각
술 한잔하면 (Your Wedding)	허각
Hooka	혁오 (HYUKOH)
LOVE YA!	혁오 (HYUKOH)
와리가리	혁오 (HYUKOH)
공드리	혁오 (HYUKOH)
위잉위잉	혁오 (HYUKOH)
TOMBOY	혁오 (HYUKOH)
Ohio	혁오 (HYUKOH)
Paul	혁오 (HYUKOH)
Die alone	혁오 (HYUKOH)
Feels Like Roller-Coaster Ride (온스테이지 Ver.)	혁오 (HYUKOH)
Lonely	혁오 (HYUKOH)
Gang Gang Schiele	혁오 (HYUKOH)
Help	혁오 (HYUKOH)
가죽자켓	혁오 (HYUKOH)
큰새	혁오 (HYUKOH)
Panda Bear	혁오 (HYUKOH)
Hey Sun	혁오 (HYUKOH)
Flat dog	혁오 (HYUKOH)
Citizen Kane	혁오 (HYUKOH)
Surf boy	혁오 (HYUKOH)
Graduation	혁오 (HYUKOH)
Mer	혁오 (HYUKOH)
하늘나라	혁오 (HYUKOH)
Help (Sunset Rollercoaster 落日飛車 Remake)	혁오 (HYUKOH)
Tokyo Inn	혁오 (HYUKOH)
Simon	혁오 (HYUKOH)
2002WorldCup	혁오 (HYUKOH)
World of the Forgotten	혁오 (HYUKOH)
Goodbye Seoul	혁오 (HYUKOH)
Silverhair Express	혁오 (HYUKOH)
Wanli万里	혁오 (HYUKOH)
Help (이디오테잎 Remix)	혁오 (HYUKOH)
Bamboo	혁오 (HYUKOH)
MASITNONSOUL (맛있는술)	혁오 (HYUKOH)
I Have No Hometown	혁오 (HYUKOH)
Settled Down	혁오 (HYUKOH)
Burning youth	혁오 (HYUKOH)
Our Place	혁오 (HYUKOH)
Gang Gang Schiele (Superorganism Remix)	혁오 (HYUKOH)
엉엉 크리스마스 (Christmas Tears)	혁오 (HYUKOH)
흐린 기억속의 그대 (현진영)	거미
잘됐으면 좋겠다	홍대광
힙합이 뭔데?	홍대광
너와 나	홍대광
홍대에 가면	홍대광
웃으며 안녕	홍대광
고마워 내사랑	홍대광
I Feel You	홍대광
봄의 한가운데	홍대광
답이 없었어	홍대광
AMAZING	홍대광
친구가 축가를 부탁했다	홍대광
비처럼 fall in love	홍대광
연애하고 싶어	홍대광
둥둥	홍대광
니 생각	홍대광
뜨거운 안녕	홍대광
이미 넌 고마운 사람	홍대광
비가 내리면 (For 탄이)	홍대광
Happy Birthday To You	홍대광
사랑인 걸까?	홍대광
가족	홍대광
겨울바다	홍대광
그냥 니가 좋아	홍대광
느낌이 와!!!	홍대광
사랑이 뭔데 (암행어사 출두요, 억울하옵니다 미스춘향)	홍대광
먼훗날 (암행어사 출두요)	홍대광
네가 나의 눈을 바라봐줬을때	홍대광
노래만 불렀지	홍대광
이 노래가 끝나면	홍대광
쉼표	홍대광
바람의 언덕	홍대광
잠깐이면 돼	홍대광
바람 위로	홍대광
내 낡은 서랍 속의 바다	홍대광
티가나요	홍대광
넌 나에게 제일 소중해	홍대광
LOVE begins	홍대광
되돌리고 싶다 (Rewind)	황치열
그대라는 사치 (짐승남 강백호)	황치열
그리워 그리워서 (이영 Ver.)	황치열
별, 그대 (The Only Star)	황치열
매일 듣는 노래 (A Daily Song)	황치열
이별을 걷다 (A Walk To Goodbye)	황치열
듣고 있니	황치열
제목없음	황치열
사랑 그 한마디 (Alone)	황치열
행복해야해 (Please...)	황치열
너를 처음 만난 그때	황치열
아버지	황치열
그 언젠가 기적처럼	황치열
모두 잠든 밤	황치열
남자라는 이유로	황치열
어른병 (I Lost Me)	황치열
내사랑 안녕	황치열
꿀이 떨어져 (Mellow)	황치열
연필	황치열
Kiss Me (짐승남 강백호)	황치열
한번만	황치열
반대말 (Heartless Word)	황치열
너무 쉽게 날 잊어버리지마 (Remember)	황치열
너 없이 못 살아	황치열
Single Life	휘성 (Realslow)
널 위해 배운 이별 (Goodbye...)	황치열
행복한 줄 아세요	황치열
같이 가자 (With You)	황치열
봄이라서 (One Spring Day)	황치열
혼자 밥 먹지마	황치열
그대가 내 안에 박혔다 (Learn To Love)	황치열
결혼까지 생각했어	휘성 (Realslow)
그리워 그리워서 (이영 Ver.) (Inst.)	황치열
경상도남자	황치열
각 (Angle)	황치열
사랑했다 미워했다 (I Loved You)	황치열
안되나요	휘성 (Realslow)
Insomnia (불면증)	휘성 (Realslow)
사랑 그 몹쓸 병	휘성 (Realslow)
Night And Day	휘성 (Realslow)
다시 만난 날	휘성 (Realslow)
전할 수 없는 이야기 (부제:시티 오브 엔젤)	휘성 (Realslow)
일년이면	휘성 (Realslow)
사랑은 맛있다♡	휘성 (Realslow)
I'm Missing You	휘성 (Realslow)
미인(美人)	휘성 (Realslow)
하늘을 걸어서	휘성 (Realslow)
별이 지다..	휘성 (Realslow)
너라는 명작	휘성 (Realslow)
안 되나요.. (부제: 화양연화)	휘성 (Realslow)
Good-bye Luv	휘성 (Realslow)
다쳐도 좋아	휘성 (Realslow)
rainy day	휘성 (Realslow)
Rain Drop (With G.고릴라)	휘성 (Realslow)
Special Love	휘성 (Realslow)
눈물길	휘성 (Realslow)
7 Days	휘성 (Realslow)
손톱달	휘성 (Realslow)
놈들이 온다	휘성 (Realslow)
안녕히 계시죠	휘성 (Realslow)
일생을 (Remake)	휘성 (Realslow)
생각난다	휘성 (Realslow)
말을 해줘	휘성 (Realslow)
버릇처럼 셋을 센다	KCM
클래식	KCM
나만 아는 사랑이었어	KCM
알아요 (드라마 때려 OST)	KCM
너에게 전하는 아홉가지 바램	KCM
흑백사진 (2021) (바른연애 길잡이 X KCM)	KCM
새벽길	KCM
은영이에게 Part 2	KCM
태양의 눈물	KCM
일기장	KCM
이런 이별도 있어	KCM
마지막 은영이에게	KCM
사랑과 우정사이	KCM
연	KCM
내가 사랑한 12가지 버릇	KCM
죽기보다 너를 못 보는게 두려워	KCM
사랑곰	KCM
사랑보다 깊은 상처 (파리잡는 파리넬리, 심쿵주의 눈꽃여왕)	KCM
Promise (에덴의 동쪽 OST)	KCM
행운	KCM
말버릇	KCM
울 엄마 (세상의 모든 어머님께)	KCM
슬픔을 먹고 사는 사람	KCM
태양의 눈물 (Tear Of The Sun)	KCM
멀리있기	KCM
아! 옛날이여 (파리잡는 파리넬리)	KCM
Only you	KCM
오늘부터 1일 (Day 1)	케이윌
Love Blossom (러브블러썸)	케이윌
가슴이 뛴다	케이윌
말해! 뭐해?	케이윌
그립고 그립고 그립다	케이윌
꽃이 핀다	케이윌
눈물이 뚝뚝	케이윌
이러지마 제발 (Please Don't...)	케이윌
촌스럽게 왜 이래 (You Don't Know Love)	케이윌
Lay Back	케이윌
니가 필요해 (I Need You)	케이윌
내 생에 아름다운	케이윌
Marry Me	케이윌
왼쪽가슴	케이윌
사랑이 운다	케이윌
하나뿐인 사람	케이윌
별처럼	케이윌
내가 싫다	케이윌
그게 뭐라고	케이윌
어떻게 사랑이 그래요 (바다의 귀염둥이 아기해마)	케이윌
녹는다	케이윌
실화	케이윌
리얼러브송	케이윌
네 곁에 (I'll Be With You)	케이윌
왼손을 잡고	케이윌
너 하나만 바라볼 사람	케이윌
사랑은 벌이다	케이윌
내게 와줘서	케이윌
아름다운 한 사람	케이윌
사랑까진 안돼요 (드라마 '산부인과'삽입곡)	케이윌
끊었던 담배	케이윌
The Day	케이윌
Bubble Love	MC몽
아이스크림	MC몽
눈이 멀었다	MC몽
와줘..	SE7EN
Better Together	SE7EN
I'm Going Crazy	SE7EN
열정	SE7EN
라 라 라	SE7EN
내가 노래를 못해도	SE7EN
잘할게	SE7EN
그림자는 길어지고 (Die Schatten Werden Laenger)	SE7EN
문신	SE7EN
와줘 PART 2	SE7EN
꽃을 들고서	SE7EN
Somebody Else	SE7EN
괜찮은건지	SE7EN
그리움도 안되겠죠	SE7EN
한번 단 한번	SE7EN
밤새도록	SE7EN
GIVE IT TO ME	SE7EN
Baby I Like You Like That	SE7EN
Honey I Know	SE7EN
이해해	SE7EN
Angel	SE7EN
Last Of Diary	SE7EN
우연히 널 봐도	SE7EN
L-O-V-E	신해철
고장난 벽시계	이찬원
연정	이찬원
당신과는 천천히	장범준
The Day	정동하
너의 계절	정동하
첫 눈	정준일
울고 넘는 박달재	진해성
영영 (원곡가수 나훈아)	조항조
Loveship	폴킴
지정석	혁오 (HYUKOH)
Bye	임창정
Feels Like Roller-Coaster Ride	혁오 (HYUKOH)
우린 어쩌다 헤어진 걸까	허각
Hello (2020 Ver.)	허각
멀어진다	홍대광
고백	홍대광
너랑	홍대광
나를 사랑할수록	홍대광
알아요	KCM
180˚	MC몽
니가	케이윌
어른아이	거미
그대 돌아오면..	거미
친구라도 될 걸 그랬어	거미
기억상실	거미
구르미 그린 달빛	거미
Because Of You	거미
기억해줘요 내 모든 날과 그때를	거미
You Are My Everything	거미
아니	거미
눈꽃	거미
죽어도 사랑해	거미
너의 하루는 좀 어때	거미
해줄 수 없는 일	거미
혼자만 하는 사랑	거미
통증	거미
음악이 끝나기 전에	거미
My Love	거미
님은 먼 곳에	거미
남자라서	거미
가질 수 없는 너	거미
사랑했으니..됐어	거미
오늘은 헤어지는 날	거미
낮과 밤	거미
날 그만 잊어요 (Guitar Ver.)	거미
내 생각날 거야 (Narr. 이시영)	거미
몽중인 (소녀의 순정 코스모스)	거미
질투나	거미
You Are My Everything (English Ver.)	거미
보고싶다	거미
꿈에 (소녀의 순정 코스모스)	거미
따끔	거미
아름다운 이별 (소녀의 순정 코스모스)	거미
사랑은 없다	거미
수은등	벤
수은등	장윤정
진정인가요	손승연
비누	이승환
영원한 친구 (나미)	거미
불나비	장윤정
빈칸을 채워주시오	볼빨간사춘기
품	볼빨간사춘기
카운슬링	볼빨간사춘기
민들레	볼빨간사춘기
나는 나비	영탁
그대 내 맘에 들어오면은	나희경
춘천가는 기차	나희경
사랑하오	나희경
Acaso (With Ivan Lins)	나희경
Slow Motion Bossa Nova	나희경
좋은 하루(Bom Dia)	나희경
봄, 사랑 (Spring Bossa)	나희경
우울한 편지	나희경
Girl From Ipanema	나희경
Misty	나희경
너무나 사랑스러운 사람 (Voce)	나희경
Wave	나희경
흩어진 나날들	나희경
나에게 가까이	나희경
음악이 들려오네	나희경
있었다	나희경
고백	나희경
끝, 그 이후 (Sorrow)	나희경
How Insensitive	나희경
아이야 (Dear)	나희경
Guardada Em Mim (나를 안아주세요)	나희경
What A Difference A Day Made	나희경
Estate (Summer)	나희경
마음	나희경
Desafinado	나희경
방랑 (Floating)	나희경
You Are The Sunshine Of My Life	나희경
Um Amor (With Roberto Menescal)	나희경
사랑하오 (온스테이지 Ver.)	나희경
Chega De Saudade	나희경
달밤	나희경
Moment	나희경
Corcovado	나희경
Samba E Tudo (Samba Is Everything)	나희경
여행의 시작	나희경
사랑의 시작 (Amor-a)	나희경
Eu Sei Que Vou Te Amar	나희경
Aqua De Beber	나희경
불면	나희경
그대라서	거미
혼자	거미
새벽녘, 독백	나희경
별 짓 다해봤는데 (잘자요 꿈의 요정 드림캐처)	벤
사랑..다 거짓말	린
남자다잉	이찬원
내게 남은 사랑을 다 줄께	왁스
내 모든걸 다 줄게	알리 (ALi)
별 짓 다해봤는데	알리 (ALi)
매일 그대와	아이유
비밀의 화원	아이유
가을 아침	아이유
어젯밤 이야기	아이유
우리 둘	알리 (ALi)
둘이	폴킴
Hero	폴킴
그대라는 시	태연 (TAEYEON)
내 맘을 볼 수 있나요	헤이즈 (Heize)
내 목소리 들리니	벤
화조도 花鳥圖	심규선 (Lucia)
달과 6펜스	심규선 (Lucia)
피어나	심규선 (Lucia)
아라리	심규선 (Lucia)
야래향 夜來香	심규선 (Lucia)
어떤 날도, 어떤 말도	심규선 (Lucia)
부디	심규선 (Lucia)
파탈리테	심규선 (Lucia)
월령 月齡	심규선 (Lucia)
너의 존재 위에	심규선 (Lucia)
오필리아 (Ophelia)	심규선 (Lucia)
생존약속 生存約束	심규선 (Lucia)
이제 슬픔은 우리를 어쩌지 못하리	심규선 (Lucia)
고양이 왈츠 (박카스 광고 삽입곡)	심규선 (Lucia)
창백한 푸른 점 (Pale blue dot)	심규선 (Lucia)
Dream	심규선 (Lucia)
안녕, 안녕	심규선 (Lucia)
폭풍의 언덕	심규선 (Lucia)
너의 꽃말	심규선 (Lucia)
내 맘 속의 눈물	심규선 (Lucia)
처음부터 내 사랑	심규선 (Lucia)
Soulmate	심규선 (Lucia)
데미안	심규선 (Lucia)
왜죠	심규선 (Lucia)
섬광 閃光	심규선 (Lucia)
바다새의 노래	심규선 (Lucia)
촛농의 노래	심규선 (Lucia)
니가 없는 날	심규선 (Lucia)
아플래	심규선 (Lucia)
그대가 웃는데	심규선 (Lucia)
IVORY	심규선 (Lucia)
소중한 사람	심규선 (Lucia)
이토록이나	심규선 (Lucia)
꽃 처럼 한 철만 사랑해 줄 건가요?	심규선 (Lucia)
강	심규선 (Lucia)
그런 계절	심규선 (Lucia)
한사람	심규선 (Lucia)
사랑에 아파본 적 있나요	린
시간을 거슬러	린
실화	린
통화연결음	린
자기야 여보야 사랑아	린
늦은 후회	린
Love Story	린
날 위한 이별	린
이별살이	린
그댈 새겨두어요 (바른연애 길잡이 X 린)	린
이별의 온도	린
With You	린
결혼해줘요	린
난 남자가 있는데	린
보통여자	린
내 눈물 모아	린
잊지말아요 (소녀감성 우체통)	린
꽃잎놀이	린
오월 (May be)	임창정
처음	윤종신
좋아	윤종신
아이와 나의 바다	아이유
달빛바다	아이유
바다아이	윤하 (YOUNHA)
바다에 누워	임영웅
바다새	임영웅
저 꽃속에 찬란한 빛이 (박경희)	적우
거짓말	박상민
사의 찬미	이미자
LOVE	린
잔소리	김범수
너에게 주고 싶은 세 가지	박혜경
하루	박혜경
Rain	박혜경
고백	박혜경
Lemon Tree	박혜경
주문을 걸어	박혜경
뭉게구름 (한국수력원자력 광고음)	박혜경
사랑할거야	박혜경
사랑과 우정사이	박혜경
A Lover's Concerto	박혜경
아마도 그건	박혜경
깊은 밤을 날아서	박혜경
기분 좋은 날	박혜경
그녀를 믿지 마세요	박혜경
아주 오래된 연인들	박혜경
Yesterday	박혜경
아멜리에 (Amelie)	박혜경
빨간 운동화	박혜경
하이힐	박혜경
사랑이 다른 사랑으로 잊혀지네	박혜경
바보	박혜경
정말 우리가 사랑했을까	박혜경
서신	박혜경
새 남자친구	박혜경
카누를 타고 파라다이스에 갈 때	박혜경
NERD GIRL	박혜경
RAINBOW	박혜경
아스피린	박혜경
내가 설마 결혼을	박혜경
아름다운 이별	박혜경
Loving You	박혜경
Sweet Lover	박혜경
내 마음에 비친 내 모습	박혜경
사랑은 비를 타고 오네요	박혜경
다시 사랑한다면	박혜경
잔소리	박혜경
너를 만나기 위해	로이킴
봄날은 간다	이미자
청포도 사랑	이미자
아리랑 목동	이미자
고향초	이미자
추억의 소야곡	이미자
가는 봄 오는 봄	이미자
황성옛터	이미자
가거라 삼팔선	이미자
내 고향 마산포	이미자
잘 있거라 황진이	이미자
님 그리운 망부석	이미자
나는 울었네	이미자
이별의 부산 정거장	이미자
헤어져줘서 고마워	벤
180도	벤
열애중	벤
혼술하고 싶은 밤	벤
꿈처럼	벤
미워도 다시 한 번	벤
오늘은 가지마	벤
갈 수가 없어	벤
나쁜 놈	벤
두근두근	벤
안 괜찮아	벤
별도 따준다면서	벤
첫날밤	벤
YOU	벤
떠나요 (Leave Me)	벤
눈이 말하더라	벤
소개받기로 했어	벤
If You Were Me	벤
운명이라면	벤
오늘도 난 그 자리에 있어	벤
연애는 이제 그만	벤
보통의 연애	벤
눈사람	벤
한숨만	벤
Looby Loo	벤
With your everything	벤
보라빛 향기	벤
J에게 (원곡가수 이선희)	벤
STAY	벤
Whenever Wherever Whatever	벤
별 보러 갈래?	볼빨간사춘기
나만, 봄	볼빨간사춘기
우주를 줄게	볼빨간사춘기
좋다고 말해	볼빨간사춘기
밤하늘의 저 별처럼	헤이즈 (Heize)
썸 탈꺼야	볼빨간사춘기
나의 사춘기에게	볼빨간사춘기
심술	볼빨간사춘기
You(=I)	볼빨간사춘기
나만 안되는 연애	볼빨간사춘기
남이 될 수 있을까	볼빨간사춘기
Blue	볼빨간사춘기
처음부터 너와 나	볼빨간사춘기
워커홀릭	볼빨간사춘기
아틀란티스 소녀 (Atlantis Princess)	볼빨간사춘기
Mermaid	볼빨간사춘기
X Song	볼빨간사춘기
프리지아	볼빨간사춘기
싸운날	볼빨간사춘기
Dancing Cartoon	볼빨간사춘기
나들이 갈까	볼빨간사춘기
25	볼빨간사춘기
Lonely	볼빨간사춘기
고쳐주세요	볼빨간사춘기
XX	볼빨간사춘기
상상	볼빨간사춘기
빨간 립스틱	볼빨간사춘기
사랑에 빠졌을 때	볼빨간사춘기
My Trouble	볼빨간사춘기
안녕, 곰인형	볼빨간사춘기
초콜릿	볼빨간사춘기
Seattle Alone	볼빨간사춘기
반지	볼빨간사춘기
Love Letter	볼빨간사춘기
야경	볼빨간사춘기
바람사람	볼빨간사춘기
Taste	볼빨간사춘기
낮 (Day off)	볼빨간사춘기
Clip	볼빨간사춘기
Dejavu	볼빨간사춘기
사미인곡	서문탁
사슬	서문탁
웃어도 눈물이나	서문탁
난 나보다 널	서문탁
각인	서문탁
가거라 사랑아	서문탁
이별 후	서문탁
내가 더 사랑하니까	서문탁
Maria (원곡가수 김아중)	서문탁
Butterfly (원곡가수 러브홀릭스)	서문탁
크게 라디오를 켜고 (돌고래의 꿈)	서문탁
사랑비 (원곡가수 김태우)	서문탁
마주치지 말자 (원곡가수 장혜진)	서문탁
지독한 사랑	서문탁
각인, 그 후...	서문탁
날개	서문탁
비상	서문탁
빈잔	서문탁
사랑 그까짓 게	서문탁
기억 속으로 (원곡가수 이은미)	서문탁
독한 사랑	서문탁
일곱 번째 봄	서문탁
처음	서문탁
여정	서문탁
비련	서문탁
강서구청역	서문탁
거침없는 사랑	서문탁
압록강 행진곡	서문탁
Loving Me, Loving You	서문탁
태양을 삼킨 달	서문탁
길 위에서	서문탁
비익조	서문탁
내가 원하고 있는 그대로	서문탁
혼자가 아닌 나	서영은
너무 많은…	서문탁
놓아줘	서문탁
완소그대	서영은
그 사람의 결혼식	서영은
비오는 거리 (KTF CF '우산' 이하나편)	서영은
너에게로 또다시	서영은
꿈을 꾼다	서영은
웃는거야	서영은
좋아 좋아	서영은
내 안의 그대	서영은
산다는 건 다 그런게 아니겠니	서영은
나는 문제 없어 (I Have No Problem)	서영은
아마도 그건	서영은
인형의 꿈	서영은
아름다운 구속	서영은
개똥벌레	서영은
연극이 끝난 후	서영은
혼자가 아닌 나 (Pop Ver.)	서영은
서쪽 하늘 (Western Sky)	서영은
신부에게	서영은
비 오는 거리	서영은
희나리	서영은
너는 나의 봄이다 (원곡 : 성시경)	서영은
중독	서영은
눈의 꽃 (雪の華) (Acoustic Ver.)	서영은
가을이 오면	서영은
그대를 만나는 곳 100M전	서영은
잊을만도 한데	서영은
만년설(萬年雪)	서영은
휘휘	서영은
너만을 위한 노래	서영은
사랑 그 쓸쓸함에 대하여 (금은방 나비부인)	서영은
우리 사랑이 뭐 이래요	서영은
내 아픔 아시는 당신께	서영은
졸업	서영은
마법의 성	서영은
성은 김이요	이찬원
너를 사랑하고도	서영은
사랑, 결코 시들지 않는	서문탁
저 별	헤이즈 (Heize)
안갯길	벤
하얀 설레임 (White Love)	케이윌
잊지 말아요	소향
사랑아 (노래 9단 흥부자댁)	소향
한숨 (노래9단 흥부자댁)	소향
Hello	소향
가슴만 알죠	소향
바람의 노래	소향
잊었니	소향
I Have Nothing (Whitney Houston)	소향
모나리자 (노래 9단 흥부자댁)	소향
첫눈처럼 너에게 가겠다 (월영교 버스킹 Ver.)	소향
I Will Always Love You (포항 버스킹 Ver.)	소향
아시나요 (노래 9단 흥부자댁)	소향
기도	소향
Stay	소향
반석위에	소향
살다가 (원곡가수 SG워너비)	소향
인연 (원곡가수 이선희)	소향
Day Day (노래 9단 흥부자댁)	소향
하늘바라기	소향
아틀란티스 소녀 (노래 9단 흥부자댁)	소향
If I Ain't Got You (마리나 버스킹 Ver.)	소향
시간을 거슬러 (파킹랏 버스킹 Ver.)	소향
Never Ending Story (원곡가수 부활)	소향
Marvin Gaye (캠핑 버스킹 Ver.)	소향
길	소향
"나는 모아나 (조상의 노래) (From ""Moana""/Soundtrack Version)"	소향
Misty (식물원 버스킹 Ver.)	소향
바람의 노래 (클래식 컬래버 버스킹 Ver.)	소향
제발 (경기전 버스킹 Ver.)	소향
I Won’t Give Up (송도해변 버스킹 Ver.)	소향
꽃밭에서 (원곡가수 정훈희)	소향
오직 주만이	소향
"나 언젠간 떠날 거야 (From ""Moana""/Soundtrack Version)"	소향
너무 멀리 왔나요	소향
보고싶다 (노래 9단 흥부자댁, 음색깡패 깻잎소녀)	소향
Never Enough (오프닝 Ver.)	소향
물들어	손승연
바람의 노래 (성대천하 유아독존 동방불패)	손승연
혜야 (성대천하 유아독존 동방불패)	손승연
다시 너를	손승연
사랑, 결코 시들지 않는… (성대천하 유아독존 동방불패)	손승연
가슴아 가슴아	손승연
비와 당신의 이야기	손승연
Love Affair	손승연
Sad	손승연
그대라서	손승연
Stand Up For You	손승연
달 그림자	손승연
거부 (성대천하 유아독존 동방불패, 고음반 저음반 아수라백작)	손승연
사랑 참 못됐다	손승연
너무 늦은건가요	손승연
I'm Not A Warrior	손승연
개기일식	손승연
MS.BURGUNDY (미스 버건디)	손승연
널 위한거야	손승연
너의 목소리가 들려	손승연
살만해졌어	손승연
Ready	손승연
달팽이	손승연
나쁜 꿈	손승연
첫눈이 온다구요	손승연
여러분	손승연
내 사랑 못난이	윤종신
사랑시 고백구 행복동	제이세라
0시의 이별	임영웅
이별이야기	김경호
I Love U, Oh Thank U (Ivy Mix)	MC몽
라일락	아이유
Coin	아이유
내 손을 잡아	아이유
스물셋	아이유
Celebrity	아이유
밤편지	아이유
하루 끝	아이유
Blueming	아이유
삐삐	아이유
마음	아이유
봄 안녕 봄	아이유
Flu	아이유
너랑 나	아이유
좋은 날	아이유
어푸 (Ah puh)	아이유
이름에게	아이유
마음을 드려요	아이유
에필로그	아이유
무릎	아이유
이 지금	아이유
분홍신	아이유
Rain Drop	아이유
나만 몰랐던 이야기	아이유
시간의 바깥	아이유
나의 옛날이야기	아이유
잔소리 (With 2AM 슬옹)	아이유
이런 엔딩	아이유
Into the I-LAND	아이유
빈 컵 (Empty Cup)	아이유
푸르던	아이유
unlucky	아이유
Someday	아이유
Zeze	아이유
복숭아	아이유
소격동	아이유
미아	아이유
잼잼	아이유
you are awesome	안예슬
전설 속의 누군가처럼	안예슬
다시 처음처럼 고백할게요	안예슬
겨울에 피는 꽃	안예슬
Sk8er Boi	안예슬
마지막으로 한번만	안예슬
또또	안예슬
이건 널 위한 노래	안예슬
난 괜찮아	안예슬
Waiting for Me	안예슬
I Just Want To	안예슬
걸었다	안예슬
Serenade(세레나데) (inst.)	안예슬
Serenade(세레나데)	안예슬
겨울에 피는 꽃 (Inst.)	안예슬
지금 이대로 (Inst.)	안예슬
냉정과 열정 사이	안예슬
마지막으로 한번만 (Inst.)	안예슬
말로 하지 않아도	안예슬
이건 널 위한 노래 (Inst.)	안예슬
그게 안돼	안예슬
왜일까 (Inst.)	안예슬
ILY (아일리) (Inst.)	안예슬
Waiting for Me (Inst.)	안예슬
ILY (아일리)	안예슬
365일	알리 (ALi)
지우개	알리 (ALi)
사랑이 다른 사랑으로 잊혀지네	알리 (ALi)
뭐 이런 게 다 있어	알리 (ALi)
자꾸 눈물이 납니다	알리 (ALi)
상처	알리 (ALi)
펑펑	알리 (ALi)
서약 (황금무지개 유이&정일우 러브테마)	알리 (ALi)
울컥	알리 (ALi)
Carry On	알리 (ALi)
비와 당신의 이야기 (주문하시겠습니까 팝콘 소녀)	알리 (ALi)
한 달을 못 가서	알리 (ALi)
서약 (Inst.)	알리 (ALi)
내 사랑 내 곁에	알리 (ALi)
킬리만자로의 표범	알리 (ALi)
바람이 불어오는 곳	알리 (ALi)
내게 있는 향유 옥합	알리 (ALi)
밥그릇	알리 (ALi)
하루만 내게 줘	알리 (ALi)
낮과 밤	알리 (ALi)
씨스루 (주문하시겠습니까 팝콘 소녀)	알리 (ALi)
사랑한다 미안해	알리 (ALi)
새벽비	알리 (ALi)
Chitty Chitty Bang Bang (주문하시겠습니까 팝콘 소녀)	알리 (ALi)
어떤 이의 꿈	알리 (ALi)
가까이하기엔 너무 먼 당신	알리 (ALi)
그땐 그랬지	알리 (ALi)
회로	알리 (ALi)
취중전화	알리 (ALi)
사랑은 차가운 유혹	양수경
그대의 의미	양수경
바라볼 수 없는 그대	양수경
내일이 오면	양수경
그대는	양수경
이별의 끝은 어디인가요	양수경
사랑은 창밖에 빗물 같아요	양수경
당신은 어디 있나요	양수경
보고 싶은 얼굴/민해경	양수경
외면	양수경
못다한 고백	양수경
잊을래	양수경
슬픈 연인	양수경
이별의 끝은 어디인가요 (원곡가수 양수경)	박상민
Q/조용필	양수경
인연	양수경
후애 (後愛)	양수경
사랑 바보	양수경
사랑할 수 있을때	양수경
베사메무쵸 (한국어버전)	양수경
가까이 갈 수 없는 그대	양수경
비혼(悲婚)	양수경
빗속에서	양수경
그리움만 쌓이네	양수경
비창	양수경
돌아와요 부산항에	양수경
내 생일이 멀지 않았어요	양수경
애련 (愛戀)	양수경
이별의 끝은 어디인가요 (2016 Ver.)	양수경
사미인곡	양수경
아쉬운 이별	양수경
사랑할 수 밖에 없는 너	양수경
슬픈 약속	양수경
갈무리	양수경
사랑, 그 쓸쓸함에 대하여 (원곡가수 양희은)	한영애
몰라	엄정화
하늘만 허락한 사랑	엄정화
Festival (인생은 아름다워)	엄정화
배반의 장미	엄정화
Escape	엄정화
초대	엄정화
Ending Credit	엄정화
크로스	엄정화
Poison	엄정화
숨은 그림 찾기	엄정화
다가라	엄정화
Call My Name	엄정화
리모콘과 매니큐어 (Remotecontrol \& Manicure)	엄정화
Dreamer	엄정화
Scarlet	엄정화
틈	엄정화
괜찮아요	엄정화
눈동자	엄정화
슬픈 착각	엄정화
슬픈 기대	엄정화
Come 2 Me	엄정화
장미의 전쟁	엄정화
널 모를께	엄정화
스칼렛	엄정화
죄와 벌	엄정화
Watch Me Move	엄정화
화장을 고치고	왁스
반대로 인 거야	왁스
부탁해요	왁스
오빠	왁스
황혼의 문턱	��스
머니	왁스
사랑하고 싶어	왁스
여자는 사랑을 먹고	왁스
나를 끝낼 수 있나요	왁스
벌써 일년	왁스
사랑과 우정사이 (나 오늘 감 잡았어, 잘 터져요 와이파이)	왁스
떨어진다 눈물이	왁스
여정	왁스
지하철을 타고	왁스
날 떠난 이유	왁스
참 다행이야	왁스
관계	왁스
사랑하기 때문에	왁스
결국 너야	왁스
아줌마	왁스
슬퍼지려 하기전에	왁스
사랑 바람	왁스
바래봐요	왁스
응급실	왁스
욕하지마요	왁스
원하고 원망하죠	왁스
집으로 데려다 줘	왁스
사랑아	왁스
그때 그 사람	왁스
가리워진 길 (나 오늘 감 잡았어)	왁스
그냥 눈물이 나	왁스
너를 너를 너를	왁스
사랑이 다 그런거니까	왁스
愛.酒.歌.	왁스
아침식사	왁스
Lucky	왁스
고백	안예슬
때늦은 비는	안예슬
고백 (Inst.)	안예슬
Love poem	아이유
지금 (Inst.)	안예슬
사랑하세요	양수경
Festival	엄정화
후애(後愛)	엄정화
내가 당신을 사랑하는 이유	왁스
엄마의 일기	왁스
사랑 그 쓸쓸함에 대하여	웅산
인연	웅산
미소를 띄우며 나를 보낸 그 모습처럼	웅산
Yesterday	웅산
사랑하기는 한건가요...	웅산
I Love You	웅산
찻잔	웅산
Fly With Me	웅산
I Sing The Blues	웅산
지독한 사랑	웅산
담담하게	심규선 (Lucia)
혜성충돌 彗星衝突	심규선 (Lucia)
My Destiny	린
...사랑했잖아...  Part2	린
보고 싶어...운다	린
Kissing U	린
월아연가 (月兒戀歌)	린
바람에 머문다	린
뒤에서 안아줘	린
봄이 오면	린
왜일까	안예슬
술이야 (보헤미안 랩소디)	웅산
The Look Of Love	웅산
On A Sunny Day (매일 그대와)	웅산
밀양아리랑 (웅산 Ver.)	웅산
Woman	웅산
당신만이	웅산
그날들	웅산
Love is strong	웅산
Jazz Is My Life	웅산
꽃잎	웅산
The Water Is Wide	웅산
Loving U Was Like Party	웅산
Change The World	웅산
코뿔소 (Rhinoceros)	웅산
Don't Cry For Me	웅산
Vivaldi's Song	웅산
Street Life	웅산
Smoke Gets In Your Eyes	웅산
Unchain My Heart	웅산
You've Got A Friend	웅산
Windy Spring	웅산
Love Is A Losing Game	웅산
ONE	웅산
열애 (윤시내)	적우
서른 밤째 (바른연애 길잡이 X 윤하 (YOUNHA))	윤하 (YOUNHA)
비밀번호 486	윤하 (YOUNHA)
혜성	윤하 (YOUNHA)
연애조건	윤하 (YOUNHA)
Parade	윤하 (YOUNHA)
먹구름	윤하 (YOUNHA)
우리가 헤어진 진짜 이유	윤하 (YOUNHA)
오늘 헤어졌어요	윤하 (YOUNHA)
기다리다	윤하 (YOUNHA)
우산	윤하 (YOUNHA)
Audition (Time2Rock)	윤하 (YOUNHA)
말도 안돼	윤하 (YOUNHA)
소나기	윤하 (YOUNHA)
첫눈에	윤하 (YOUNHA)
내 남자친구를 부탁해	윤하 (YOUNHA)
편한가봐	윤하 (YOUNHA)
괜찮다	윤하 (YOUNHA)
느린 우체통	윤하 (YOUNHA)
널 생각해 (Prod. by 이찬혁 of 악동뮤지션)	윤하 (YOUNHA)
멀리서 안부	윤하 (YOUNHA)
빗소리	윤하 (YOUNHA)
1, 2, 3 (원투쓰리)	윤하 (YOUNHA)
내 마음이 뭐가 돼	윤하 (YOUNHA)
스무살 어느 날	윤하 (YOUNHA)
그 거리..	윤하 (YOUNHA)
빛이 되어줄게	윤하 (YOUNHA)
별에서 온 그대	윤하 (YOUNHA)
Run	윤하 (YOUNHA)
답을 찾지 못한 날	윤하 (YOUNHA)
Lonely	윤하 (YOUNHA)
사계(四季)	윤하 (YOUNHA)
26	윤하 (YOUNHA)
해요	윤하 (YOUNHA)
Sunflower	윤하 (YOUNHA)
동백 아가씨	이미자
찔레꽃	이미자
여자의 일생	이미자
흑산도 아가씨	이미자
울어라 열풍아	이미자
아씨	이미자
노래는 나의 인생	이미자
꼬집힌 풋사랑	이미자
타인	이미자
단장의 미아리고개	이미자
여로	이미자
내 삶의 이유 있음은	이미자
기러기 아빠	이미자
삼백리 한려수도	이미자
열아홉 순정	이미자
해운대 엘레지	이미자
새벽길	이미자
황포돛대	이미자
모정	이미자
섬마을 선생님 (디스코)	이미자
빙점	이미자
지평선은 말이없다	이미자
물새우는 강언덕	이미자
황혼의 부르스	이미자
살아있는 가로수	이미자
나 항상 그대를 (원곡가수 이선희)	소향
지금 이대로	안예슬
알수 없는 이별	양수경
헤어진 다음날	웅산
고백하기 좋은 날	윤하 (YOUNHA)
애인... 있어요 (이은미)	거미
밤차 (이은하)	김경호
사랑했었다면	지아
Bad Girls	이효리
10 Minutes	이효리
Hey Girl	이효리
Get Ya'	이효리
미스코리아	이효리
톡!톡!톡! (Toc Toc Toc)(CF - 투싼 '이효리'편)	이효리
Hey Mr. Big	이효리
Remember Me	이효리
Shall We Dance?	이효리
Straight Up	이효리
그녀를 사랑하지마	이효리
잔소리	이효리
깊이	이효리
천하무적 이효리	이효리
비야내려	이효리
어느 째즈바	이효리
Don't Cry	이효리
괜찮아질까요? (With Bigtone)	이효리
예쁘다	이효리
Mute	이효리
Want Me Back	이효리
이발소 집 딸	이효리
기억해	이효리
언젠가는	이효리
Scandal	이효리
Can't Take My Eyes Off You	성시경
One Last Cry	성시경
Beauty And The Beast	성시경
옆집누나	장윤정
목포행 완행열차	장윤정
돼지토끼	장윤정
초혼	장윤정
바람길	장윤정
약속 (이산 O.S.T 중)	장윤정
어부바	장윤정
꽃	장윤정
짠짜라	장윤정
사랑 참	장윤정
애가타	장윤정
송인	장윤정
벚꽃길	장윤정
왔구나 왔어	장윤정
말리꽃	장윤정
좋은 당신	장윤정
콩깍지	장윤정
세월아	장윤정
반창고	장윤정
애월랑 (愛月浪)	장윤정
애원	장윤정
케 세라 세라	장윤정
불장난	장윤정
카사노바	장윤정
천생연분	장윤정
비와 외로움	장윤정
초혼II(송인)	장윤정
당신편	장윤정
당신이 좋아	장윤정
섬마을 선생님	장윤정
초혼 (2015 Ver.)	장윤정
돼지토끼 (Inst.)	장윤정
하루만	적우
개여울	적우
세월이 가면	적우
어둠 그 별빛 (김현식)	적우
그 사람 이름은 잊었지만	적우
기다리겠소	적우
꿈꾸는 카사비앙카	적우
시선	적우
이등병의 편지 (김광석)	적우
처음 느낌 그대로 (이소라)	적우
널 원해 (게임의 여왕 OST 수록곡)	적우
블루의 향기	적우
나는 너를	적우
어떤이의 꿈 (원곡가수 봄여름가을겨울)	적우
사랑아	적우
여고시절	적우
고귀한 사랑 (For you)	적우
Set Me Free (Long Distance Mix)	적우
하루만 (Ver.2)	적우
웃는얼굴 다정해도	적우
꿈을 꾼 후에	적우
애수	적우
내 맘속에 내리는 비	적우
제발	적우
미련	적우
임진강	적우
하이힐	적우
그대 없는 거��	적우
내 사랑	적우
가을 편지	적우
파도를 훔친 바다	적우
고귀한 사랑	적우
고별	적우
사랑이 오네요	적우
유후 (You, Who?) (Inst.)	에릭남 (Eric Nam)
내가 예뻐진 이유	벤
Dark Angel	이효리
Black	이효리
사랑아	장윤정
약속	장윤정
올래	장윤정
이따,이따요	장윤정
Set Me Free	적우
그댄 정말 모를거예요	제이세라
여자이니까	제이세라
혼자 왔어요 (J-Cera Ver.)	제이세라
언제나 사랑해	제이세라
그대와 나	제이세라
그대 눈물까지도	제이세라
사랑지우개	제이세라
한 사람을 위한 마음	제이세라
내 마음 별이되어	제이세라
별	제이세라
가슴으로 운다 (Ver.III 제이세라, 아이린)	제이세라
다 잘될거야	제이세라
벚꽃 내린 봄날에	제이세라
실컷 울고 나면	제이세라
가지마	제이세라
나보다 사랑한 너에게	제이세라
이깟 사랑	제이세라
암연	제이세라
아름다운 구속	제이세라
그사람	제이세라
노래하고 싶어요	제이세라
눈물소리	제이세라
꿈에서 만나요	제이세라
사랑을 보내지 못해	제이세라
전화해줘요	제이세라
기다릴 수 없어	제이세라
두근두근	제이세라
Marry me	제이세라
다 비워낸 줄 알았어	제이세라
사랑이 저만치 가네	제이세라
멈출수 없는 그리움	제이세라
내가 없어	제이세라
기적이 이뤄질까요	제이세라
별꽃	제이세라
괜찮아요	제이세라
내가 사는 이유	제이세라
사랑도 단순하게	제이세라
1초라도	제이세라
몰랐을까	제이세라
일분 일초가 일년같아	제이세라
부디 나를…	제이세라
물론	지아
물끄러미	지아
술 한잔 해요	지아
웃음만..	지아
터질 것 같아	지아
오늘 술 한잔해요	지아
울고, 불고…	지아
바보에게 바보가	지아
속상해서 (술 한잔 해요 Part.2)	지아
웃어줄래	지아
난 행복해	지아
잘 가..지 마	지아
가끔	지아
수호천사	지아
사랑해 미안해	지아
니가 길게 혼자면 좋겠어	지아
이건 내 노래	지아
원하고 원망하죠	지아
나쁜 버릇	지아
헤어진 첫날	지아
더 만나봤자 뭐해	지아
들리나요	지아
엄마 미안해요	지아
뭉클	지아
The Day	지아
누군가의 무엇이 되어	지아
인형	지아
그대가 올까요	지아
문자로 이별하는 일	지아
그립습니다	지아
울어본 적 있나요	지아
그런 줄 알았어	지아
사랑만 알아서	지아
먼발치	지아
보란 듯이	지아
그런다면서	지아
일 년째	지아
이별 참 쉽더라	지아
미운 사랑	임영웅
눈물이 진주라면	이미자
진주라 천리길	이미자
천상재회	최진희
뒤늦은 후회	최진희
사랑의 미로	최진희
여정	최진희
미련 때문에	최진희
찻잔의 이별	최진희
우린 너무 쉽게 헤어졌어요	최진희
꼬마인형	최진희
물보라	최진희
그 여자가 가는 곳은	최진희
그대는 나의 인생	최진희
갈색 추억	최진희
흔적	최진희
가져가	최진희
옛시인의 노래	최진희
낙엽은 지는데	최진희
와인	최진희
애증의 강	최진희
슬픈 고백	최진희
바람에 흔들리고 비에 젖어도	최진희
무정 부르스	최진희
립스틱 짙게 바르고	최진희
여심	최진희
사랑하기 좋은날	최진희
어머니	최진희
미운 사람	최진희
눈물의 승차권	최진희
님 그림자	최진희
님은 먼 곳에	최진희
대전 부르스	최진희
난 바람 넌 눈물	최진희
가버린 당신	최진희
낭만에 대하여	최진희
허무한 마음	최진희
왜 돌아보오	최진희
Fine	태연 (TAEYEON)
사계 (Four Seasons)	태연 (TAEYEON)
What Do I Call You	태연 (TAEYEON)
11:11	태연 (TAEYEON)
Why	태연 (TAEYEON)
Happy	태연 (TAEYEON)
들리나요...	태연 (TAEYEON)
불티 (Spark)	태연 (TAEYEON)
Rain	태연 (TAEYEON)
U R	태연 (TAEYEON)
사랑해요 (I Love You)	태연 (TAEYEON)
Time Lapse	태연 (TAEYEON)
만약에	태연 (TAEYEON)
날개 (Feel So Fine)	태연 (TAEYEON)
제주도의 푸른 밤	태연 (TAEYEON)
내게 들려주고 싶은 말 (Dear Me)	태연 (TAEYEON)
Make Me Love You	태연 (TAEYEON)
Blue	태연 (TAEYEON)
Cover Up	태연 (TAEYEON)
Gravity	태연 (TAEYEON)
스트레스 (Stress)	태연 (TAEYEON)
Stay	태연 (TAEYEON)
그리고 하나	태연 (TAEYEON)
미치게 보고싶은	태연 (TAEYEON)
Here I Am	태연 (TAEYEON)
Fire	태연 (TAEYEON)
Circus	태연 (TAEYEON)
쌍둥이자리 (Gemini)	태연 (TAEYEON)
Curtain Call	태연 (TAEYEON)
수채화 (Love in Color)	태연 (TAEYEON)
Love You Like Crazy	태연 (TAEYEON)
너를 그리는 시간 (Drawing Our Moments)	태연 (TAEYEON)
When I Was Young	태연 (TAEYEON)
Better Babe	태연 (TAEYEON)
I Blame On You	태연 (TAEYEON)
All With You	태연 (TAEYEON)
흐린 가을 하늘에 편지를 써	임영웅
사랑은 노래를 타고	제이세라
술 한잔해요 오늘	지아
그녀처럼	지아
사랑은 어떻게 생겼을까	최진희
Something New	태연 (TAEYEON)
노란 샤쓰의 사나이 (원곡가수 한명숙)	최진희
코뿔소	한영애
누구없소	한영애
조율	한영애
봄날은 간다	한영애
옛사랑 (원곡가수 이문세)	한영애
푸른 칵테일의 향기	한영애
가을 시선	한영애
사의 찬미	한영애
목포의 눈물	한영애
여울목	한영애
루씰	한영애
바람이 분다 (원곡가수 이소라)	한영애
외로운 가로등	한영애
말도 안돼	한영애
건널수 없는 강	한영애
굳세어라 금순아	한영애
회상1 (원곡가수 부활)	한영애
이별의 종착역 (원곡가수 손시향)	한영애
Sunny (원곡가수 Boney M)	한영애
부용산	한영애
선창	한영애
별 하나 나 하나 또 하나	한영애
상사꽃	한영애
마음 깊은 곳에 그대로를	한영애
부르지 않은 노래	한영애
여자의 일생	한영애
완행열차	한영애
사랑할 수 없어	한영애
설악산	한영애
갑돌이와 갑순이	한영애
비애	한영애
야화(夜花)	한영애
해운대 엘레지	한영애
보고 싶은 얼굴/현미	양수경
Underwater	헤이즈 (Heize)
괜찮냐고	헤이즈 (Heize)
첫눈에	헤이즈 (Heize)
SHE'S FINE	헤이즈 (Heize)
내가 더 나빠	헤이즈 (Heize)
일이 너무 잘 돼	헤이즈 (Heize)
떨어지는 낙엽까지도	헤이즈 (Heize)
작사가	헤이즈 (Heize)
You're Cold (더 많이 사랑한 쪽이 아프대)	헤이즈 (Heize)
오롯이	헤이즈 (Heize)
운명이 내게 말해요	헤이즈 (Heize)
클럽이라도 좀 가	헤이즈 (Heize)
일기	헤이즈 (Heize)
좋았을걸	헤이즈 (Heize)
내 남자친구가 고맙대	헤이즈 (Heize)
다 그렇지 뭐	헤이즈 (Heize)
MIANHAE	헤이즈 (Heize)
이유	헤이즈 (Heize)
돌아오지마 (Acoustic Ver.)	헤이즈 (Heize)
그대안의 블루	임영웅
오늘밤에	영탁
My Love	박효신
묻어버린 아픔	박효신
변심	박효신
나비의 겨울	박효신
사랑한 걸로 됐어요	박효신
Please	박효신
BSK Street (Narr.슈퍼창따이, G.NA)	김범수
불어오라 바람아	한영애
봄	한영애
키키키 (With MIIII)	벤
사랑해 행복해 (Prod. By 선우정아X안신애 (바버렛츠))	KCM
꾸러기 (Groggy)	김범수
